CacheSize,BlockSize,Associativity,WriteAlloc,WritePolicy,Replacement,LoadMisses,StoreMisses,TotalCycles,Command
512,128,4,write-allocate,write-back,fifo,4431,27356,3694383,./csim 512 128 4 write-allocate write-back fifo < gcc.trace
512,128,4,write-allocate,write-back,lru,4431,27356,3694383,./csim 512 128 4 write-allocate write-back lru < gcc.trace
1024,128,4,write-allocate,write-back,fifo,4431,27356,3694383,./csim 1024 128 4 write-allocate write-back fifo < gcc.trace
1024,128,4,write-allocate,write-back,lru,4431,27356,3694383,./csim 1024 128 4 write-allocate write-back lru < gcc.trace
1024,256,4,write-allocate,write-back,fifo,4431,27356,3694383,./csim 1024 256 4 write-allocate write-back fifo < gcc.trace
1024,256,4,write-allocate,write-back,lru,4431,27356,3694383,./csim 1024 256 4 write-allocate write-back lru < gcc.trace
2048,64,4,write-allocate,write-back,fifo,4431,27356,3694383,./csim 2048 64 4 write-allocate write-back fifo < gcc.trace
2048,64,4,write-allocate,write-back,lru,4431,27356,3694383,./csim 2048 64 4 write-allocate write-back lru < gcc.trace
2048,128,4,write-allocate,write-back,fifo,4431,27356,3694383,./csim 2048 128 4 write-allocate write-back fifo < gcc.trace
2048,128,4,write-allocate,write-back,lru,4431,27356,3694383,./csim 2048 128 4 write-allocate write-back lru < gcc.trace
2048,256,4,write-allocate,write-back,fifo,4431,27356,3694383,./csim 2048 256 4 write-allocate write-back fifo < gcc.trace
2048,256,4,write-allocate,write-back,lru,4431,27356,3694383,./csim 2048 256 4 write-allocate write-back lru < gcc.trace
4096,32,4,write-allocate,write-back,fifo,4431,27356,3694383,./csim 4096 32 4 write-allocate write-back fifo < gcc.trace
4096,32,4,write-allocate,write-back,lru,4431,27356,3694383,./csim 4096 32 4 write-allocate write-back lru < gcc.trace
4096,64,4,write-allocate,write-back,fifo,4431,27356,3694383,./csim 4096 64 4 write-allocate write-back fifo < gcc.trace
4096,64,4,write-allocate,write-back,lru,4431,27356,3694383,./csim 4096 64 4 write-allocate write-back lru < gcc.trace
4096,128,4,write-allocate,write-back,fifo,4431,27356,3694383,./csim 4096 128 4 write-allocate write-back fifo < gcc.trace
4096,128,4,write-allocate,write-back,lru,4431,27356,3694383,./csim 4096 128 4 write-allocate write-back lru < gcc.trace
4096,256,4,write-allocate,write-back,fifo,4431,27356,3694383,./csim 4096 256 4 write-allocate write-back fifo < gcc.trace
4096,256,4,write-allocate,write-back,lru,4431,27356,3694383,./csim 4096 256 4 write-allocate write-back lru < gcc.trace
1024,64,4,write-allocate,write-back,lru,4431,27356,3694483,./csim 1024 64 4 write-allocate write-back lru < gcc.trace
1024,64,4,write-allocate,write-back,fifo,4431,27357,3694683,./csim 1024 64 4 write-allocate write-back fifo < gcc.trace
2048,32,4,write-allocate,write-back,lru,4432,27356,3695383,./csim 2048 32 4 write-allocate write-back lru < gcc.trace
2048,32,4,write-allocate,write-back,fifo,4433,27356,3695583,./csim 2048 32 4 write-allocate write-back fifo < gcc.trace
4096,16,4,write-allocate,write-back,lru,4432,27357,3697483,./csim 4096 16 4 write-allocate write-back lru < gcc.trace
4096,16,4,write-allocate,write-back,fifo,4433,27357,3697783,./csim 4096 16 4 write-allocate write-back fifo < gcc.trace
512,64,4,write-allocate,write-back,lru,4505,27362,4006883,./csim 512 64 4 write-allocate write-back lru < gcc.trace
1024,32,4,write-allocate,write-back,lru,4514,27369,4014383,./csim 1024 32 4 write-allocate write-back lru < gcc.trace
2048,16,4,write-allocate,write-back,lru,4538,27369,4027283,./csim 2048 16 4 write-allocate write-back lru < gcc.trace
512,64,4,write-allocate,write-back,fifo,4638,27407,4037183,./csim 512 64 4 write-allocate write-back fifo < gcc.trace
1024,32,4,write-allocate,write-back,fifo,4647,27413,4045083,./csim 1024 32 4 write-allocate write-back fifo < gcc.trace
4096,8,4,write-allocate,write-back,lru,4537,27367,4058383,./csim 4096 8 4 write-allocate write-back lru < gcc.trace
2048,16,4,write-allocate,write-back,fifo,4677,27431,4062083,./csim 2048 16 4 write-allocate write-back fifo < gcc.trace
4096,8,4,write-allocate,write-back,fifo,4689,27423,4091983,./csim 4096 8 4 write-allocate write-back fifo < gcc.trace
1024,64,8,write-allocate,write-back,fifo,3626,17375,4715883,./csim 1024 64 8 write-allocate write-back fifo < gcc.trace
1024,64,8,write-allocate,write-back,lru,3626,17375,4715883,./csim 1024 64 8 write-allocate write-back lru < gcc.trace
1024,128,8,write-allocate,write-back,fifo,3626,17375,4715883,./csim 1024 128 8 write-allocate write-back fifo < gcc.trace
1024,128,8,write-allocate,write-back,lru,3626,17375,4715883,./csim 1024 128 8 write-allocate write-back lru < gcc.trace
2048,32,8,write-allocate,write-back,fifo,3626,17375,4715883,./csim 2048 32 8 write-allocate write-back fifo < gcc.trace
2048,32,8,write-allocate,write-back,lru,3626,17375,4715883,./csim 2048 32 8 write-allocate write-back lru < gcc.trace
2048,64,8,write-allocate,write-back,fifo,3626,17375,4715883,./csim 2048 64 8 write-allocate write-back fifo < gcc.trace
2048,64,8,write-allocate,write-back,lru,3626,17375,4715883,./csim 2048 64 8 write-allocate write-back lru < gcc.trace
2048,128,8,write-allocate,write-back,fifo,3626,17375,4715883,./csim 2048 128 8 write-allocate write-back fifo < gcc.trace
2048,128,8,write-allocate,write-back,lru,3626,17375,4715883,./csim 2048 128 8 write-allocate write-back lru < gcc.trace
2048,256,8,write-allocate,write-back,fifo,3626,17375,4715883,./csim 2048 256 8 write-allocate write-back fifo < gcc.trace
2048,256,8,write-allocate,write-back,lru,3626,17375,4715883,./csim 2048 256 8 write-allocate write-back lru < gcc.trace
4096,32,8,write-allocate,write-back,fifo,3626,17375,4715883,./csim 4096 32 8 write-allocate write-back fifo < gcc.trace
4096,32,8,write-allocate,write-back,lru,3626,17375,4715883,./csim 4096 32 8 write-allocate write-back lru < gcc.trace
4096,64,8,write-allocate,write-back,fifo,3626,17375,4715883,./csim 4096 64 8 write-allocate write-back fifo < gcc.trace
4096,64,8,write-allocate,write-back,lru,3626,17375,4715883,./csim 4096 64 8 write-allocate write-back lru < gcc.trace
4096,128,8,write-allocate,write-back,fifo,3626,17375,4715883,./csim 4096 128 8 write-allocate write-back fifo < gcc.trace
4096,128,8,write-allocate,write-back,lru,3626,17375,4715883,./csim 4096 128 8 write-allocate write-back lru < gcc.trace
4096,256,8,write-allocate,write-back,fifo,3626,17375,4715883,./csim 4096 256 8 write-allocate write-back fifo < gcc.trace
4096,256,8,write-allocate,write-back,lru,3626,17375,4715883,./csim 4096 256 8 write-allocate write-back lru < gcc.trace
512,64,8,write-allocate,write-back,lru,3626,17375,4716683,./csim 512 64 8 write-allocate write-back lru < gcc.trace
512,64,8,write-allocate,write-back,fifo,3628,17376,4718083,./csim 512 64 8 write-allocate write-back fifo < gcc.trace
4096,16,8,write-allocate,write-back,lru,3627,17377,4721083,./csim 4096 16 8 write-allocate write-back lru < gcc.trace
4096,16,8,write-allocate,write-back,fifo,3627,17378,4721483,./csim 4096 16 8 write-allocate write-back fifo < gcc.trace
1024,32,8,write-allocate,write-back,lru,3628,17376,4722883,./csim 1024 32 8 write-allocate write-back lru < gcc.trace
1024,32,8,write-allocate,write-back,fifo,3628,17378,4723883,./csim 1024 32 8 write-allocate write-back fifo < gcc.trace
2048,16,8,write-allocate,write-back,fifo,3628,17378,4726083,./csim 2048 16 8 write-allocate write-back fifo < gcc.trace
2048,16,8,write-allocate,write-back,lru,3627,17379,4726083,./csim 2048 16 8 write-allocate write-back lru < gcc.trace
4096,8,8,write-allocate,write-back,lru,3627,17379,4741283,./csim 4096 8 8 write-allocate write-back lru < gcc.trace
4096,8,8,write-allocate,write-back,fifo,3630,17379,4743083,./csim 4096 8 8 write-allocate write-back fifo < gcc.trace
1024,32,16,write-allocate,write-back,lru,2342,8869,5000083,./csim 1024 32 16 write-allocate write-back lru < gcc.trace
1024,64,16,write-allocate,write-back,fifo,2342,8869,5000083,./csim 1024 64 16 write-allocate write-back fifo < gcc.trace
1024,64,16,write-allocate,write-back,lru,2342,8869,5000083,./csim 1024 64 16 write-allocate write-back lru < gcc.trace
2048,32,16,write-allocate,write-back,fifo,2342,8869,5000083,./csim 2048 32 16 write-allocate write-back fifo < gcc.trace
2048,32,16,write-allocate,write-back,lru,2342,8869,5000083,./csim 2048 32 16 write-allocate write-back lru < gcc.trace
2048,64,16,write-allocate,write-back,fifo,2342,8869,5000083,./csim 2048 64 16 write-allocate write-back fifo < gcc.trace
2048,64,16,write-allocate,write-back,lru,2342,8869,5000083,./csim 2048 64 16 write-allocate write-back lru < gcc.trace
2048,128,16,write-allocate,write-back,fifo,2342,8869,5000083,./csim 2048 128 16 write-allocate write-back fifo < gcc.trace
2048,128,16,write-allocate,write-back,lru,2342,8869,5000083,./csim 2048 128 16 write-allocate write-back lru < gcc.trace
4096,32,16,write-allocate,write-back,fifo,2342,8869,5000083,./csim 4096 32 16 write-allocate write-back fifo < gcc.trace
4096,32,16,write-allocate,write-back,lru,2342,8869,5000083,./csim 4096 32 16 write-allocate write-back lru < gcc.trace
4096,64,16,write-allocate,write-back,fifo,2342,8869,5000083,./csim 4096 64 16 write-allocate write-back fifo < gcc.trace
4096,64,16,write-allocate,write-back,lru,2342,8869,5000083,./csim 4096 64 16 write-allocate write-back lru < gcc.trace
4096,128,16,write-allocate,write-back,fifo,2342,8869,5000083,./csim 4096 128 16 write-allocate write-back fifo < gcc.trace
4096,128,16,write-allocate,write-back,lru,2342,8869,5000083,./csim 4096 128 16 write-allocate write-back lru < gcc.trace
4096,256,16,write-allocate,write-back,fifo,2342,8869,5000083,./csim 4096 256 16 write-allocate write-back fifo < gcc.trace
4096,256,16,write-allocate,write-back,lru,2342,8869,5000083,./csim 4096 256 16 write-allocate write-back lru < gcc.trace
1024,32,16,write-allocate,write-back,fifo,2342,8869,5000483,./csim 1024 32 16 write-allocate write-back fifo < gcc.trace
4096,16,16,write-allocate,write-back,lru,2343,8869,5005283,./csim 4096 16 16 write-allocate write-back lru < gcc.trace
4096,16,16,write-allocate,write-back,fifo,2343,8872,5007283,./csim 4096 16 16 write-allocate write-back fifo < gcc.trace
2048,16,16,write-allocate,write-back,lru,2343,8871,5010883,./csim 2048 16 16 write-allocate write-back lru < gcc.trace
2048,16,16,write-allocate,write-back,fifo,2343,8872,5011683,./csim 2048 16 16 write-allocate write-back fifo < gcc.trace
512,32,16,write-allocate,write-back,lru,2342,8870,5013683,./csim 512 32 16 write-allocate write-back lru < gcc.trace
512,32,16,write-allocate,write-back,fifo,2344,8872,5016483,./csim 512 32 16 write-allocate write-back fifo < gcc.trace
4096,8,16,write-allocate,write-back,fifo,2343,8873,5017683,./csim 4096 8 16 write-allocate write-back fifo < gcc.trace
4096,8,16,write-allocate,write-back,lru,2343,8873,5018083,./csim 4096 8 16 write-allocate write-back lru < gcc.trace
1024,16,16,write-allocate,write-back,lru,2343,8873,5022483,./csim 1024 16 16 write-allocate write-back lru < gcc.trace
1024,16,16,write-allocate,write-back,fifo,2345,8873,5023683,./csim 1024 16 16 write-allocate write-back fifo < gcc.trace
2048,8,16,write-allocate,write-back,lru,2343,8875,5053283,./csim 2048 8 16 write-allocate write-back lru < gcc.trace
2048,8,16,write-allocate,write-back,fifo,2349,8875,5060083,./csim 2048 8 16 write-allocate write-back fifo < gcc.trace
512,32,4,write-allocate,write-back,lru,4852,27410,5105083,./csim 512 32 4 write-allocate write-back lru < gcc.trace
1024,16,4,write-allocate,write-back,lru,4854,27415,5107083,./csim 1024 16 4 write-allocate write-back lru < gcc.trace
256,64,4,write-allocate,write-back,lru,4852,27412,5107283,./csim 256 64 4 write-allocate write-back lru < gcc.trace
2048,8,4,write-allocate,write-back,lru,4867,27418,5109383,./csim 2048 8 4 write-allocate write-back lru < gcc.trace
4096,4,4,write-allocate,write-back,lru,4888,27418,5111283,./csim 4096 4 4 write-allocate write-back lru < gcc.trace
4096,4,16,write-allocate,write-back,lru,2362,8878,5130883,./csim 4096 4 16 write-allocate write-back lru < gcc.trace
4096,4,16,write-allocate,write-back,fifo,2386,8880,5147683,./csim 4096 4 16 write-allocate write-back fifo < gcc.trace
512,32,4,write-allocate,write-back,fifo,5034,27491,5149783,./csim 512 32 4 write-allocate write-back fifo < gcc.trace
256,64,4,write-allocate,write-back,fifo,5024,27502,5151083,./csim 256 64 4 write-allocate write-back fifo < gcc.trace
1024,16,4,write-allocate,write-back,fifo,5036,27513,5152983,./csim 1024 16 4 write-allocate write-back fifo < gcc.trace
2048,8,4,write-allocate,write-back,fifo,5047,27525,5157883,./csim 2048 8 4 write-allocate write-back fifo < gcc.trace
4096,4,4,write-allocate,write-back,fifo,5080,27524,5163083,./csim 4096 4 4 write-allocate write-back fifo < gcc.trace
1024,32,32,write-allocate,write-back,fifo,1503,4531,5342883,./csim 1024 32 32 write-allocate write-back fifo < gcc.trace
1024,32,32,write-allocate,write-back,lru,1503,4531,5342883,./csim 1024 32 32 write-allocate write-back lru < gcc.trace
2048,32,32,write-allocate,write-back,fifo,1503,4531,5342883,./csim 2048 32 32 write-allocate write-back fifo < gcc.trace
2048,32,32,write-allocate,write-back,lru,1503,4531,5342883,./csim 2048 32 32 write-allocate write-back lru < gcc.trace
2048,64,32,write-allocate,write-back,fifo,1503,4531,5342883,./csim 2048 64 32 write-allocate write-back fifo < gcc.trace
2048,64,32,write-allocate,write-back,lru,1503,4531,5342883,./csim 2048 64 32 write-allocate write-back lru < gcc.trace
4096,32,32,write-allocate,write-back,fifo,1503,4531,5342883,./csim 4096 32 32 write-allocate write-back fifo < gcc.trace
4096,32,32,write-allocate,write-back,lru,1503,4531,5342883,./csim 4096 32 32 write-allocate write-back lru < gcc.trace
4096,64,32,write-allocate,write-back,fifo,1503,4531,5342883,./csim 4096 64 32 write-allocate write-back fifo < gcc.trace
4096,64,32,write-allocate,write-back,lru,1503,4531,5342883,./csim 4096 64 32 write-allocate write-back lru < gcc.trace
4096,128,32,write-allocate,write-back,fifo,1503,4531,5342883,./csim 4096 128 32 write-allocate write-back fifo < gcc.trace
4096,128,32,write-allocate,write-back,lru,1503,4531,5342883,./csim 4096 128 32 write-allocate write-back lru < gcc.trace
4096,16,32,write-allocate,write-back,lru,1503,4531,5345283,./csim 4096 16 32 write-allocate write-back lru < gcc.trace
4096,16,32,write-allocate,write-back,fifo,1504,4532,5348483,./csim 4096 16 32 write-allocate write-back fifo < gcc.trace
2048,16,32,write-allocate,write-back,lru,1504,4531,5353283,./csim 2048 16 32 write-allocate write-back lru < gcc.trace
2048,16,32,write-allocate,write-back,fifo,1506,4533,5358883,./csim 2048 16 32 write-allocate write-back fifo < gcc.trace
1024,16,32,write-allocate,write-back,lru,1505,4532,5364483,./csim 1024 16 32 write-allocate write-back lru < gcc.trace
1024,16,32,write-allocate,write-back,fifo,1506,4533,5367683,./csim 1024 16 32 write-allocate write-back fifo < gcc.trace
4096,8,32,write-allocate,write-back,lru,1505,4534,5371683,./csim 4096 8 32 write-allocate write-back lru < gcc.trace
4096,8,32,write-allocate,write-back,fifo,1507,4534,5374083,./csim 4096 8 32 write-allocate write-back fifo < gcc.trace
2048,8,32,write-allocate,write-back,lru,1505,4534,5378883,./csim 2048 8 32 write-allocate write-back lru < gcc.trace
2048,8,32,write-allocate,write-back,fifo,1508,4534,5382883,./csim 2048 8 32 write-allocate write-back fifo < gcc.trace
4096,4,32,write-allocate,write-back,lru,1507,4534,5386883,./csim 4096 4 32 write-allocate write-back lru < gcc.trace
512,32,8,write-allocate,write-back,lru,3714,17390,5390683,./csim 512 32 8 write-allocate write-back lru < gcc.trace
4096,4,32,write-allocate,write-back,fifo,1512,4535,5393283,./csim 4096 4 32 write-allocate write-back fifo < gcc.trace
512,16,32,write-allocate,write-back,lru,1507,4534,5394883,./csim 512 16 32 write-allocate write-back lru < gcc.trace
512,16,32,write-allocate,write-back,fifo,1511,4535,5402083,./csim 512 16 32 write-allocate write-back fifo < gcc.trace
1024,16,8,write-allocate,write-back,lru,3740,17392,5418483,./csim 1024 16 8 write-allocate write-back lru < gcc.trace
1024,8,32,write-allocate,write-back,lru,1506,4537,5438083,./csim 1024 8 32 write-allocate write-back lru < gcc.trace
1024,8,32,write-allocate,write-back,fifo,1511,4538,5450883,./csim 1024 8 32 write-allocate write-back fifo < gcc.trace
512,32,8,write-allocate,write-back,fifo,3865,17439,5458083,./csim 512 32 8 write-allocate write-back fifo < gcc.trace
2048,8,8,write-allocate,write-back,lru,3742,17390,5463283,./csim 2048 8 8 write-allocate write-back lru < gcc.trace
1024,16,8,write-allocate,write-back,fifo,3892,17457,5492683,./csim 1024 16 8 write-allocate write-back fifo < gcc.trace
4096,4,8,write-allocate,write-back,lru,3792,17400,5528283,./csim 4096 4 8 write-allocate write-back lru < gcc.trace
2048,8,8,write-allocate,write-back,fifo,3908,17447,5535083,./csim 2048 8 8 write-allocate write-back fifo < gcc.trace
2048,4,32,write-allocate,write-back,lru,1521,4538,5554083,./csim 2048 4 32 write-allocate write-back lru < gcc.trace
2048,4,32,write-allocate,write-back,fifo,1550,4542,5592483,./csim 2048 4 32 write-allocate write-back fifo < gcc.trace
4096,4,8,write-allocate,write-back,fifo,3947,17444,5593283,./csim 4096 4 8 write-allocate write-back fifo < gcc.trace
4096,2,32,write-allocate,write-back,lru,1535,4544,5669283,./csim 4096 2 32 write-allocate write-back lru < gcc.trace
4096,2,32,write-allocate,write-back,fifo,1562,4549,5719683,./csim 4096 2 32 write-allocate write-back fifo < gcc.trace
512,16,16,write-allocate,write-back,lru,2439,8883,5923283,./csim 512 16 16 write-allocate write-back lru < gcc.trace
1024,8,4,write-allocate,write-back,lru,5143,27488,5945283,./csim 1024 8 4 write-allocate write-back lru < gcc.trace
512,16,4,write-allocate,write-back,lru,5099,27480,5946083,./csim 512 16 4 write-allocate write-back lru < gcc.trace
256,32,4,write-allocate,write-back,lru,5086,27480,5947483,./csim 256 32 4 write-allocate write-back lru < gcc.trace
2048,4,4,write-allocate,write-back,lru,5184,27557,5954983,./csim 2048 4 4 write-allocate write-back lru < gcc.trace
1024,8,16,write-allocate,write-back,lru,2442,8883,5959283,./csim 1024 8 16 write-allocate write-back lru < gcc.trace
4096,2,4,write-allocate,write-back,lru,5275,27591,5970983,./csim 4096 2 4 write-allocate write-back lru < gcc.trace
2048,4,16,write-allocate,write-back,lru,2482,8891,6028083,./csim 2048 4 16 write-allocate write-back lru < gcc.trace
512,16,4,write-allocate,write-back,fifo,5461,27640,6028183,./csim 512 16 4 write-allocate write-back fifo < gcc.trace
256,32,4,write-allocate,write-back,fifo,5456,27641,6030283,./csim 256 32 4 write-allocate write-back fifo < gcc.trace
1024,8,4,write-allocate,write-back,fifo,5499,27657,6031783,./csim 1024 8 4 write-allocate write-back fifo < gcc.trace
512,16,16,write-allocate,write-back,fifo,2567,8924,6036483,./csim 512 16 16 write-allocate write-back fifo < gcc.trace
2048,4,4,write-allocate,write-back,fifo,5560,27739,6044183,./csim 2048 4 4 write-allocate write-back fifo < gcc.trace
4096,2,4,write-allocate,write-back,fifo,5658,27767,6062283,./csim 4096 2 4 write-allocate write-back fifo < gcc.trace
1024,8,16,write-allocate,write-back,fifo,2570,8920,6065683,./csim 1024 8 16 write-allocate write-back fifo < gcc.trace
2048,4,16,write-allocate,write-back,fifo,2603,8919,6123283,./csim 2048 4 16 write-allocate write-back fifo < gcc.trace
4096,2,16,write-allocate,write-back,lru,2572,8915,6270883,./csim 4096 2 16 write-allocate write-back lru < gcc.trace
4096,2,16,write-allocate,write-back,fifo,2666,8934,6343683,./csim 4096 2 16 write-allocate write-back fifo < gcc.trace
128,32,4,write-allocate,write-back,lru,5434,27784,6426483,./csim 128 32 4 write-allocate write-back lru < gcc.trace
512,8,4,write-allocate,write-back,lru,5487,27767,6429283,./csim 512 8 4 write-allocate write-back lru < gcc.trace
256,16,4,write-allocate,write-back,lru,5468,27775,6429383,./csim 256 16 4 write-allocate write-back lru < gcc.trace
1024,4,4,write-allocate,write-back,lru,5577,27814,6448583,./csim 1024 4 4 write-allocate write-back lru < gcc.trace
2048,2,4,write-allocate,write-back,lru,5871,27971,6505683,./csim 2048 2 4 write-allocate write-back lru < gcc.trace
128,32,4,write-allocate,write-back,fifo,6147,28084,6584383,./csim 128 32 4 write-allocate write-back fifo < gcc.trace
256,16,4,write-allocate,write-back,fifo,6166,28098,6587583,./csim 256 16 4 write-allocate write-back fifo < gcc.trace
512,8,4,write-allocate,write-back,fifo,6219,28101,6594983,./csim 512 8 4 write-allocate write-back fifo < gcc.trace
1024,4,4,write-allocate,write-back,fifo,6291,28136,6609483,./csim 1024 4 4 write-allocate write-back fifo < gcc.trace
512,8,32,write-allocate,write-back,lru,1602,4547,6634083,./csim 512 8 32 write-allocate write-back lru < gcc.trace
2048,2,4,write-allocate,write-back,fifo,6512,28291,6658583,./csim 2048 2 4 write-allocate write-back fifo < gcc.trace
1024,4,32,write-allocate,write-back,lru,1626,4551,6698083,./csim 1024 4 32 write-allocate write-back lru < gcc.trace
128,16,4,write-allocate,write-back,lru,6168,28034,6754283,./csim 128 16 4 write-allocate write-back lru < gcc.trace
256,8,4,write-allocate,write-back,lru,6225,28043,6761283,./csim 256 8 4 write-allocate write-back lru < gcc.trace
512,4,4,write-allocate,write-back,lru,6395,28092,6788183,./csim 512 4 4 write-allocate write-back lru < gcc.trace
512,8,32,write-allocate,write-back,fifo,1709,4573,6806883,./csim 512 8 32 write-allocate write-back fifo < gcc.trace
1024,4,32,write-allocate,write-back,fifo,1731,4570,6855683,./csim 1024 4 32 write-allocate write-back fifo < gcc.trace
4096,1,4,write-allocate,write-back,fifo,7862,28719,6886383,./csim 4096 1 4 write-allocate write-back fifo < gcc.trace
4096,1,4,write-allocate,write-back,lru,7862,28719,6886383,./csim 4096 1 4 write-allocate write-back lru < gcc.trace
1024,2,4,write-allocate,write-back,lru,7044,28385,6922483,./csim 1024 2 4 write-allocate write-back lru < gcc.trace
2048,2,32,write-allocate,write-back,lru,1693,4576,6953283,./csim 2048 2 32 write-allocate write-back lru < gcc.trace
128,16,4,write-allocate,write-back,fifo,7362,28590,7032483,./csim 128 16 4 write-allocate write-back fifo < gcc.trace
2048,4,8,write-allocate,write-back,lru,4078,17443,7042483,./csim 2048 4 8 write-allocate write-back lru < gcc.trace
256,8,4,write-allocate,write-back,fifo,7402,28632,7042583,./csim 256 8 4 write-allocate write-back fifo < gcc.trace
256,32,8,write-allocate,write-back,lru,4037,17432,7045083,./csim 256 32 8 write-allocate write-back lru < gcc.trace
1024,8,8,write-allocate,write-back,lru,4056,17443,7046083,./csim 1024 8 8 write-allocate write-back lru < gcc.trace
512,16,8,write-allocate,write-back,lru,4048,17440,7051083,./csim 512 16 8 write-allocate write-back lru < gcc.trace
512,4,4,write-allocate,write-back,fifo,7530,28667,7061483,./csim 512 4 4 write-allocate write-back fifo < gcc.trace
4096,2,8,write-allocate,write-back,lru,4159,17464,7069283,./csim 4096 2 8 write-allocate write-back lru < gcc.trace
2048,2,32,write-allocate,write-back,fifo,1782,4587,7082083,./csim 2048 2 32 write-allocate write-back fifo < gcc.trace
256,32,8,write-allocate,write-back,fifo,4219,17511,7133683,./csim 256 32 8 write-allocate write-back fifo < gcc.trace
1024,8,8,write-allocate,write-back,fifo,4244,17543,7142883,./csim 1024 8 8 write-allocate write-back fifo < gcc.trace
512,16,8,write-allocate,write-back,fifo,4232,17535,7143083,./csim 512 16 8 write-allocate write-back fifo < gcc.trace
2048,4,8,write-allocate,write-back,fifo,4282,17542,7145883,./csim 2048 4 8 write-allocate write-back fifo < gcc.trace
64,16,4,write-allocate,write-back,lru,7840,28725,7151783,./csim 64 16 4 write-allocate write-back lru < gcc.trace
128,8,4,write-allocate,write-back,lru,7836,28729,7159183,./csim 128 8 4 write-allocate write-back lru < gcc.trace
1024,2,4,write-allocate,write-back,fifo,7995,28916,7162483,./csim 1024 2 4 write-allocate write-back fifo < gcc.trace
4096,2,8,write-allocate,write-back,fifo,4363,17560,7169883,./csim 4096 2 8 write-allocate write-back fifo < gcc.trace
256,4,4,write-allocate,write-back,lru,7950,28798,7187283,./csim 256 4 4 write-allocate write-back lru < gcc.trace
512,2,4,write-allocate,write-back,lru,9445,29231,7465283,./csim 512 2 4 write-allocate write-back lru < gcc.trace
512,8,16,write-allocate,write-back,lru,2660,8923,7609683,./csim 512 8 16 write-allocate write-back lru < gcc.trace
128,8,4,write-allocate,write-back,fifo,9784,29641,7613383,./csim 128 8 4 write-allocate write-back fifo < gcc.trace
64,16,4,write-allocate,write-back,fifo,9809,29674,7615383,./csim 64 16 4 write-allocate write-back fifo < gcc.trace
64,8,4,write-allocate,write-back,lru,9806,29723,7620783,./csim 64 8 4 write-allocate write-back lru < gcc.trace
1024,4,16,write-allocate,write-back,lru,2692,8925,7620883,./csim 1024 4 16 write-allocate write-back lru < gcc.trace
256,16,16,write-allocate,write-back,lru,2649,8921,7621683,./csim 256 16 16 write-allocate write-back lru < gcc.trace
2048,2,16,write-allocate,write-back,lru,2763,8948,7662083,./csim 2048 2 16 write-allocate write-back lru < gcc.trace
256,4,4,write-allocate,write-back,fifo,9994,29778,7668383,./csim 256 4 4 write-allocate write-back fifo < gcc.trace
4096,1,32,write-allocate,write-back,fifo,2259,4648,7678083,./csim 4096 1 32 write-allocate write-back fifo < gcc.trace
4096,1,32,write-allocate,write-back,lru,2259,4648,7678083,./csim 4096 1 32 write-allocate write-back lru < gcc.trace
256,16,16,write-allocate,write-back,fifo,2815,8978,7764883,./csim 256 16 16 write-allocate write-back fifo < gcc.trace
512,8,16,write-allocate,write-back,fifo,2843,8979,7766483,./csim 512 8 16 write-allocate write-back fifo < gcc.trace
1024,4,16,write-allocate,write-back,fifo,2863,8987,7772083,./csim 1024 4 16 write-allocate write-back fifo < gcc.trace
128,4,4,write-allocate,write-back,lru,10766,29976,7798383,./csim 128 4 4 write-allocate write-back lru < gcc.trace
2048,2,16,write-allocate,write-back,fifo,2927,9001,7803283,./csim 2048 2 16 write-allocate write-back fifo < gcc.trace
512,2,4,write-allocate,write-back,fifo,10893,29996,7824583,./csim 512 2 4 write-allocate write-back fifo < gcc.trace
2048,1,4,write-allocate,write-back,fifo,11943,30184,7892583,./csim 2048 1 4 write-allocate write-back fifo < gcc.trace
2048,1,4,write-allocate,write-back,lru,11943,30184,7892583,./csim 2048 1 4 write-allocate write-back lru < gcc.trace
512,8,8,write-allocate,write-back,lru,4346,17509,7933483,./csim 512 8 8 write-allocate write-back lru < gcc.trace
256,16,8,write-allocate,write-back,lru,4304,17504,7933883,./csim 256 16 8 write-allocate write-back lru < gcc.trace
1024,4,8,write-allocate,write-back,lru,4393,17577,7955483,./csim 1024 4 8 write-allocate write-back lru < gcc.trace
2048,2,8,write-allocate,write-back,lru,4487,17608,7983083,./csim 2048 2 8 write-allocate write-back lru < gcc.trace
4096,1,16,write-allocate,write-back,fifo,3550,9060,8088083,./csim 4096 1 16 write-allocate write-back fifo < gcc.trace
4096,1,16,write-allocate,write-back,lru,3550,9060,8088083,./csim 4096 1 16 write-allocate write-back lru < gcc.trace
256,16,8,write-allocate,write-back,fifo,4684,17660,8101483,./csim 256 16 8 write-allocate write-back fifo < gcc.trace
512,8,8,write-allocate,write-back,fifo,4722,17672,8108883,./csim 512 8 8 write-allocate write-back fifo < gcc.trace
1024,4,8,write-allocate,write-back,fifo,4781,17760,8136283,./csim 1024 4 8 write-allocate write-back fifo < gcc.trace
2048,2,8,write-allocate,write-back,fifo,4878,17785,8167683,./csim 2048 2 8 write-allocate write-back fifo < gcc.trace
256,8,32,write-allocate,write-back,lru,1762,4581,8372483,./csim 256 8 32 write-allocate write-back lru < gcc.trace
512,4,32,write-allocate,write-back,lru,1794,4582,8400483,./csim 512 4 32 write-allocate write-back lru < gcc.trace
64,8,4,write-allocate,write-back,fifo,13601,31218,8446883,./csim 64 8 4 write-allocate write-back fifo < gcc.trace
1024,2,32,write-allocate,write-back,lru,1864,4608,8485283,./csim 1024 2 32 write-allocate write-back lru < gcc.trace
256,8,8,write-allocate,write-back,lru,4713,17777,8493683,./csim 256 8 8 write-allocate write-back lru < gcc.trace
128,16,8,write-allocate,write-back,lru,4691,17787,8494483,./csim 128 16 8 write-allocate write-back lru < gcc.trace
4096,1,8,write-allocate,write-back,fifo,5827,18102,8504683,./csim 4096 1 8 write-allocate write-back fifo < gcc.trace
4096,1,8,write-allocate,write-back,lru,5827,18102,8504683,./csim 4096 1 8 write-allocate write-back lru < gcc.trace
512,4,8,write-allocate,write-back,lru,4807,17828,8534483,./csim 512 4 8 write-allocate write-back lru < gcc.trace
256,8,16,write-allocate,write-back,lru,2936,8973,8562483,./csim 256 8 16 write-allocate write-back lru < gcc.trace
128,4,4,write-allocate,write-back,fifo,14281,31381,8566383,./csim 128 4 4 write-allocate write-back fifo < gcc.trace
512,4,16,write-allocate,write-back,lru,2986,9018,8607683,./csim 512 4 16 write-allocate write-back lru < gcc.trace
256,8,32,write-allocate,write-back,fifo,1937,4614,8647683,./csim 256 8 32 write-allocate write-back fifo < gcc.trace
1024,2,8,write-allocate,write-back,lru,5108,17985,8653483,./csim 1024 2 8 write-allocate write-back lru < gcc.trace
512,4,32,write-allocate,write-back,fifo,1957,4620,8658883,./csim 512 4 32 write-allocate write-back fifo < gcc.trace
1024,2,16,write-allocate,write-back,lru,3092,9045,8668083,./csim 1024 2 16 write-allocate write-back lru < gcc.trace
1024,2,32,write-allocate,write-back,fifo,2017,4645,8723683,./csim 1024 2 32 write-allocate write-back fifo < gcc.trace
256,2,4,write-allocate,write-back,lru,17108,31254,8783183,./csim 256 2 4 write-allocate write-back lru < gcc.trace
128,16,8,write-allocate,write-back,fifo,5415,18123,8821283,./csim 128 16 8 write-allocate write-back fifo < gcc.trace
256,8,16,write-allocate,write-back,fifo,3269,9069,8830083,./csim 256 8 16 write-allocate write-back fifo < gcc.trace
256,8,8,write-allocate,write-back,fifo,5468,18117,8833683,./csim 256 8 8 write-allocate write-back fifo < gcc.trace
512,4,8,write-allocate,write-back,fifo,5535,18159,8863083,./csim 512 4 8 write-allocate write-back fifo < gcc.trace
512,4,16,write-allocate,write-back,fifo,3321,9120,8875283,./csim 512 4 16 write-allocate write-back fifo < gcc.trace
1024,2,16,write-allocate,write-back,fifo,3419,9139,8929683,./csim 1024 2 16 write-allocate write-back fifo < gcc.trace
1024,2,8,write-allocate,write-back,fifo,5744,18304,8957083,./csim 1024 2 8 write-allocate write-back fifo < gcc.trace
128,8,8,write-allocate,write-back,lru,5447,18067,8960883,./csim 128 8 8 write-allocate write-back lru < gcc.trace
256,4,8,write-allocate,write-back,lru,5611,18112,9015083,./csim 256 4 8 write-allocate write-back lru < gcc.trace
32,8,4,write-allocate,write-back,lru,16994,32441,9033983,./csim 32 8 4 write-allocate write-back lru < gcc.trace
64,4,4,write-allocate,write-back,lru,18096,32688,9225083,./csim 64 4 4 write-allocate write-back lru < gcc.trace
1024,1,4,write-allocate,write-back,fifo,19511,31612,9233383,./csim 1024 1 4 write-allocate write-back fifo < gcc.trace
1024,1,4,write-allocate,write-back,lru,19511,31612,9233383,./csim 1024 1 4 write-allocate write-back lru < gcc.trace
128,8,16,write-allocate,write-back,lru,3289,9208,9277683,./csim 128 8 16 write-allocate write-back lru < gcc.trace
512,2,8,write-allocate,write-back,lru,6302,18411,9300083,./csim 512 2 8 write-allocate write-back lru < gcc.trace
256,2,4,write-allocate,write-back,fifo,19404,32304,9337783,./csim 256 2 4 write-allocate write-back fifo < gcc.trace
256,4,16,write-allocate,write-back,lru,3399,9236,9344483,./csim 256 4 16 write-allocate write-back lru < gcc.trace
2048,1,32,write-allocate,write-back,fifo,2816,4711,9462883,./csim 2048 1 32 write-allocate write-back fifo < gcc.trace
2048,1,32,write-allocate,write-back,lru,2816,4711,9462883,./csim 2048 1 32 write-allocate write-back lru < gcc.trace
2048,1,8,write-allocate,write-back,fifo,7290,18758,9469683,./csim 2048 1 8 write-allocate write-back fifo < gcc.trace
2048,1,8,write-allocate,write-back,lru,7290,18758,9469683,./csim 2048 1 8 write-allocate write-back lru < gcc.trace
128,8,8,write-allocate,write-back,fifo,6673,18636,9531683,./csim 128 8 8 write-allocate write-back fifo < gcc.trace
256,4,32,write-allocate,write-back,lru,2071,4663,9543683,./csim 256 4 32 write-allocate write-back lru < gcc.trace
256,4,8,write-allocate,write-back,fifo,6788,18674,9567483,./csim 256 4 8 write-allocate write-back fifo < gcc.trace
512,2,16,write-allocate,write-back,lru,3744,9362,9588883,./csim 512 2 16 write-allocate write-back lru < gcc.trace
64,8,8,write-allocate,write-back,lru,7131,18740,9674483,./csim 64 8 8 write-allocate write-back lru < gcc.trace
2048,1,16,write-allocate,write-back,fifo,4535,9443,9684083,./csim 2048 1 16 write-allocate write-back fifo < gcc.trace
2048,1,16,write-allocate,write-back,lru,4535,9443,9684083,./csim 2048 1 16 write-allocate write-back lru < gcc.trace
512,2,32,write-allocate,write-back,lru,2201,4700,9720483,./csim 512 2 32 write-allocate write-back lru < gcc.trace
128,4,8,write-allocate,write-back,lru,7302,18801,9738283,./csim 128 4 8 write-allocate write-back lru < gcc.trace
512,2,8,write-allocate,write-back,fifo,7269,18920,9775283,./csim 512 2 8 write-allocate write-back fifo < gcc.trace
128,8,16,write-allocate,write-back,fifo,3948,9396,9781683,./csim 128 8 16 write-allocate write-back fifo < gcc.trace
256,4,16,write-allocate,write-back,fifo,4026,9439,9845283,./csim 256 4 16 write-allocate write-back fifo < gcc.trace
256,4,32,write-allocate,write-back,fifo,2386,4731,9985283,./csim 256 4 32 write-allocate write-back fifo < gcc.trace
512,2,16,write-allocate,write-back,fifo,4254,9551,10022883,./csim 512 2 16 write-allocate write-back fifo < gcc.trace
128,4,16,write-allocate,write-back,lru,4190,9471,10071683,./csim 128 4 16 write-allocate write-back lru < gcc.trace
512,2,32,write-allocate,write-back,fifo,2489,4748,10109283,./csim 512 2 32 write-allocate write-back fifo < gcc.trace
256,2,8,write-allocate,write-back,lru,8885,19251,10329883,./csim 256 2 8 write-allocate write-back lru < gcc.trace
32,8,4,write-allocate,write-back,fifo,22732,34715,10344383,./csim 32 8 4 write-allocate write-back fifo < gcc.trace
64,4,4,write-allocate,write-back,fifo,23041,34711,10368783,./csim 64 4 4 write-allocate write-back fifo < gcc.trace
128,2,4,write-allocate,write-back,lru,26436,34111,10497083,./csim 128 2 4 write-allocate write-back lru < gcc.trace
64,8,8,write-allocate,write-back,fifo,9173,19667,10613883,./csim 64 8 8 write-allocate write-back fifo < gcc.trace
128,4,32,write-allocate,write-back,lru,2508,4849,10616483,./csim 128 4 32 write-allocate write-back lru < gcc.trace
256,2,16,write-allocate,write-back,lru,5138,9707,10719283,./csim 256 2 16 write-allocate write-back lru < gcc.trace
128,4,8,write-allocate,write-back,fifo,9442,19803,10734483,./csim 128 4 8 write-allocate write-back fifo < gcc.trace
128,4,16,write-allocate,write-back,fifo,5228,9802,10901683,./csim 128 4 16 write-allocate write-back fifo < gcc.trace
64,4,8,write-allocate,write-back,lru,10454,19981,11000483,./csim 64 4 8 write-allocate write-back lru < gcc.trace
256,2,8,write-allocate,write-back,fifo,10327,20043,11056683,./csim 256 2 8 write-allocate write-back fifo < gcc.trace
1024,1,16,write-allocate,write-back,fifo,5959,9984,11127283,./csim 1024 1 16 write-allocate write-back fifo < gcc.trace
1024,1,16,write-allocate,write-back,lru,5959,9984,11127283,./csim 1024 1 16 write-allocate write-back lru < gcc.trace
256,2,32,write-allocate,write-back,lru,2932,4976,11210883,./csim 256 2 32 write-allocate write-back lru < gcc.trace
128,2,4,write-allocate,write-back,fifo,30079,35445,11288283,./csim 128 2 4 write-allocate write-back fifo < gcc.trace
1024,1,8,write-allocate,write-back,fifo,11444,20262,11319283,./csim 1024 1 8 write-allocate write-back fifo < gcc.trace
1024,1,8,write-allocate,write-back,lru,11444,20262,11319283,./csim 1024 1 8 write-allocate write-back lru < gcc.trace
256,2,16,write-allocate,write-back,fifo,5899,10003,11383283,./csim 256 2 16 write-allocate write-back fifo < gcc.trace
64,4,16,write-allocate,write-back,lru,6098,9960,11414883,./csim 64 4 16 write-allocate write-back lru < gcc.trace
128,4,32,write-allocate,write-back,fifo,3096,4975,11444483,./csim 128 4 32 write-allocate write-back fifo < gcc.trace
1024,1,32,write-allocate,write-back,fifo,3943,5007,11865283,./csim 1024 1 32 write-allocate write-back fifo < gcc.trace
1024,1,32,write-allocate,write-back,lru,3943,5007,11865283,./csim 1024 1 32 write-allocate write-back lru < gcc.trace
256,2,32,write-allocate,write-back,fifo,3385,5080,11866883,./csim 256 2 32 write-allocate write-back fifo < gcc.trace
512,1,4,write-allocate,write-back,fifo,37121,37846,12472883,./csim 512 1 4 write-allocate write-back fifo < gcc.trace
512,1,4,write-allocate,write-back,lru,37121,37846,12472883,./csim 512 1 4 write-allocate write-back lru < gcc.trace
32,4,4,write-allocate,write-back,lru,34549,38729,12505283,./csim 32 4 4 write-allocate write-back lru < gcc.trace
64,4,8,write-allocate,write-back,fifo,14040,21470,12591883,./csim 64 4 8 write-allocate write-back fifo < gcc.trace
64,4,16,write-allocate,write-back,fifo,8061,10575,13002483,./csim 64 4 16 write-allocate write-back fifo < gcc.trace
128,2,8,write-allocate,write-back,lru,18005,21427,13344083,./csim 128 2 8 write-allocate write-back lru < gcc.trace
128,2,16,write-allocate,write-back,lru,9160,10387,13425283,./csim 128 2 16 write-allocate write-back lru < gcc.trace
64,2,4,write-allocate,write-back,lru,41439,39470,13442383,./csim 64 2 4 write-allocate write-back lru < gcc.trace
128,2,32,write-allocate,write-back,lru,4978,5305,13954883,./csim 128 2 32 write-allocate write-back lru < gcc.trace
512,1,8,write-allocate,write-back,fifo,19411,21685,14013683,./csim 512 1 8 write-allocate write-back fifo < gcc.trace
512,1,8,write-allocate,write-back,lru,19411,21685,14013683,./csim 512 1 8 write-allocate write-back lru < gcc.trace
32,4,4,write-allocate,write-back,fifo,40743,41848,14080583,./csim 32 4 4 write-allocate write-back fifo < gcc.trace
32,4,8,write-allocate,write-back,lru,18651,22792,14081883,./csim 32 4 8 write-allocate write-back lru < gcc.trace
128,2,8,write-allocate,write-back,fifo,20089,22563,14427883,./csim 128 2 8 write-allocate write-back fifo < gcc.trace
512,1,16,write-allocate,write-back,fifo,10179,11280,14469283,./csim 512 1 16 write-allocate write-back fifo < gcc.trace
512,1,16,write-allocate,write-back,lru,10179,11280,14469283,./csim 512 1 16 write-allocate write-back lru < gcc.trace
512,1,32,write-allocate,write-back,fifo,5482,5514,14472483,./csim 512 1 32 write-allocate write-back fifo < gcc.trace
512,1,32,write-allocate,write-back,lru,5482,5514,14472483,./csim 512 1 32 write-allocate write-back lru < gcc.trace
64,2,4,write-allocate,write-back,fifo,45733,41712,14529483,./csim 64 2 4 write-allocate write-back fifo < gcc.trace
128,2,16,write-allocate,write-back,fifo,10911,10849,14696883,./csim 128 2 16 write-allocate write-back fifo < gcc.trace
128,2,32,write-allocate,write-back,fifo,5636,5487,14974083,./csim 128 2 32 write-allocate write-back fifo < gcc.trace
256,1,4,write-allocate,write-back,fifo,54510,43875,16048083,./csim 256 1 4 write-allocate write-back fifo < gcc.trace
256,1,4,write-allocate,write-back,lru,54510,43875,16048083,./csim 256 1 4 write-allocate write-back lru < gcc.trace
32,4,8,write-allocate,write-back,fifo,23679,24879,16433483,./csim 32 4 8 write-allocate write-back fifo < gcc.trace
64,2,8,write-allocate,write-back,lru,27962,24311,16905283,./csim 64 2 8 write-allocate write-back lru < gcc.trace
64,2,8,write-allocate,write-back,fifo,31402,25765,18483283,./csim 64 2 8 write-allocate write-back fifo < gcc.trace
128,1,4,write-allocate,write-back,fifo,69456,48145,18706683,./csim 128 1 4 write-allocate write-back fifo < gcc.trace
128,1,4,write-allocate,write-back,lru,69456,48145,18706683,./csim 128 1 4 write-allocate write-back lru < gcc.trace
16,4,4,write-allocate,write-back,lru,73165,52231,19907883,./csim 16 4 4 write-allocate write-back lru < gcc.trace
256,1,16,write-allocate,write-back,fifo,19334,12284,20312483,./csim 256 1 16 write-allocate write-back fifo < gcc.trace
256,1,16,write-allocate,write-back,lru,19334,12284,20312483,./csim 256 1 16 write-allocate write-back lru < gcc.trace
256,1,8,write-allocate,write-back,fifo,37585,28052,20631883,./csim 256 1 8 write-allocate write-back fifo < gcc.trace
256,1,8,write-allocate,write-back,lru,37585,28052,20631883,./csim 256 1 8 write-allocate write-back lru < gcc.trace
64,2,32,write-allocate,write-back,lru,10472,6046,20725283,./csim 64 2 32 write-allocate write-back lru < gcc.trace
64,2,16,write-allocate,write-back,lru,21036,12335,20779283,./csim 64 2 16 write-allocate write-back lru < gcc.trace
512,64,4,no-write-allocate,write-through,fifo,9454,37470,21172213,./csim 512 64 4 no-write-allocate write-through fifo < gcc.trace
512,64,4,no-write-allocate,write-through,lru,9454,37470,21172213,./csim 512 64 4 no-write-allocate write-through lru < gcc.trace
512,128,4,no-write-allocate,write-through,fifo,9454,37470,21172213,./csim 512 128 4 no-write-allocate write-through fifo < gcc.trace
512,128,4,no-write-allocate,write-through,lru,9454,37470,21172213,./csim 512 128 4 no-write-allocate write-through lru < gcc.trace
1024,32,4,no-write-allocate,write-through,lru,9454,37470,21172213,./csim 1024 32 4 no-write-allocate write-through lru < gcc.trace
1024,64,4,no-write-allocate,write-through,fifo,9454,37470,21172213,./csim 1024 64 4 no-write-allocate write-through fifo < gcc.trace
1024,64,4,no-write-allocate,write-through,lru,9454,37470,21172213,./csim 1024 64 4 no-write-allocate write-through lru < gcc.trace
1024,128,4,no-write-allocate,write-through,fifo,9454,37470,21172213,./csim 1024 128 4 no-write-allocate write-through fifo < gcc.trace
1024,128,4,no-write-allocate,write-through,lru,9454,37470,21172213,./csim 1024 128 4 no-write-allocate write-through lru < gcc.trace
1024,256,4,no-write-allocate,write-through,fifo,9454,37470,21172213,./csim 1024 256 4 no-write-allocate write-through fifo < gcc.trace
1024,256,4,no-write-allocate,write-through,lru,9454,37470,21172213,./csim 1024 256 4 no-write-allocate write-through lru < gcc.trace
2048,32,4,no-write-allocate,write-through,fifo,9454,37470,21172213,./csim 2048 32 4 no-write-allocate write-through fifo < gcc.trace
2048,32,4,no-write-allocate,write-through,lru,9454,37470,21172213,./csim 2048 32 4 no-write-allocate write-through lru < gcc.trace
2048,64,4,no-write-allocate,write-through,fifo,9454,37470,21172213,./csim 2048 64 4 no-write-allocate write-through fifo < gcc.trace
2048,64,4,no-write-allocate,write-through,lru,9454,37470,21172213,./csim 2048 64 4 no-write-allocate write-through lru < gcc.trace
2048,128,4,no-write-allocate,write-through,fifo,9454,37470,21172213,./csim 2048 128 4 no-write-allocate write-through fifo < gcc.trace
2048,128,4,no-write-allocate,write-through,lru,9454,37470,21172213,./csim 2048 128 4 no-write-allocate write-through lru < gcc.trace
2048,256,4,no-write-allocate,write-through,fifo,9454,37470,21172213,./csim 2048 256 4 no-write-allocate write-through fifo < gcc.trace
2048,256,4,no-write-allocate,write-through,lru,9454,37470,21172213,./csim 2048 256 4 no-write-allocate write-through lru < gcc.trace
4096,32,4,no-write-allocate,write-through,fifo,9454,37470,21172213,./csim 4096 32 4 no-write-allocate write-through fifo < gcc.trace
4096,32,4,no-write-allocate,write-through,lru,9454,37470,21172213,./csim 4096 32 4 no-write-allocate write-through lru < gcc.trace
4096,64,4,no-write-allocate,write-through,fifo,9454,37470,21172213,./csim 4096 64 4 no-write-allocate write-through fifo < gcc.trace
4096,64,4,no-write-allocate,write-through,lru,9454,37470,21172213,./csim 4096 64 4 no-write-allocate write-through lru < gcc.trace
4096,128,4,no-write-allocate,write-through,fifo,9454,37470,21172213,./csim 4096 128 4 no-write-allocate write-through fifo < gcc.trace
4096,128,4,no-write-allocate,write-through,lru,9454,37470,21172213,./csim 4096 128 4 no-write-allocate write-through lru < gcc.trace
4096,256,4,no-write-allocate,write-through,fifo,9454,37470,21172213,./csim 4096 256 4 no-write-allocate write-through fifo < gcc.trace
4096,256,4,no-write-allocate,write-through,lru,9454,37470,21172213,./csim 4096 256 4 no-write-allocate write-through lru < gcc.trace
2048,16,4,no-write-allocate,write-through,lru,9455,37470,21172313,./csim 2048 16 4 no-write-allocate write-through lru < gcc.trace
4096,16,4,no-write-allocate,write-through,lru,9455,37470,21172313,./csim 4096 16 4 no-write-allocate write-through lru < gcc.trace
4096,8,4,no-write-allocate,write-through,lru,9456,37470,21172413,./csim 4096 8 4 no-write-allocate write-through lru < gcc.trace
4096,16,4,no-write-allocate,write-through,fifo,9456,37470,21172413,./csim 4096 16 4 no-write-allocate write-through fifo < gcc.trace
1024,32,4,no-write-allocate,write-through,fifo,9457,37471,21172512,./csim 1024 32 4 no-write-allocate write-through fifo < gcc.trace
2048,16,4,no-write-allocate,write-through,fifo,9458,37471,21172612,./csim 2048 16 4 no-write-allocate write-through fifo < gcc.trace
256,64,4,no-write-allocate,write-through,lru,9462,37470,21173013,./csim 256 64 4 no-write-allocate write-through lru < gcc.trace
4096,8,4,no-write-allocate,write-through,fifo,9464,37472,21173211,./csim 4096 8 4 no-write-allocate write-through fifo < gcc.trace
512,32,4,no-write-allocate,write-through,lru,9466,37472,21173411,./csim 512 32 4 no-write-allocate write-through lru < gcc.trace
1024,16,4,no-write-allocate,write-through,lru,9477,37474,21174509,./csim 1024 16 4 no-write-allocate write-through lru < gcc.trace
2048,8,4,no-write-allocate,write-through,lru,9487,37475,21175508,./csim 2048 8 4 no-write-allocate write-through lru < gcc.trace
4096,4,4,no-write-allocate,write-through,lru,9491,37475,21175908,./csim 4096 4 4 no-write-allocate write-through lru < gcc.trace
256,64,4,no-write-allocate,write-through,fifo,9498,37484,21176599,./csim 256 64 4 no-write-allocate write-through fifo < gcc.trace
512,32,4,no-write-allocate,write-through,fifo,9511,37494,21177889,./csim 512 32 4 no-write-allocate write-through fifo < gcc.trace
1024,16,4,no-write-allocate,write-through,fifo,9543,37559,21181024,./csim 1024 16 4 no-write-allocate write-through fifo < gcc.trace
2048,8,4,no-write-allocate,write-through,fifo,9583,37596,21184987,./csim 2048 8 4 no-write-allocate write-through fifo < gcc.trace
256,32,4,no-write-allocate,write-through,lru,9610,37489,21187794,./csim 256 32 4 no-write-allocate write-through lru < gcc.trace
512,16,4,no-write-allocate,write-through,lru,9616,37490,21188393,./csim 512 16 4 no-write-allocate write-through lru < gcc.trace
4096,4,4,no-write-allocate,write-through,fifo,9632,37754,21189729,./csim 4096 4 4 no-write-allocate write-through fifo < gcc.trace
1024,8,4,no-write-allocate,write-through,lru,9647,37493,21191490,./csim 1024 8 4 no-write-allocate write-through lru < gcc.trace
2048,4,4,no-write-allocate,write-through,lru,9669,37545,21193638,./csim 2048 4 4 no-write-allocate write-through lru < gcc.trace
4096,2,4,no-write-allocate,write-through,lru,9755,37565,21202218,./csim 4096 2 4 no-write-allocate write-through lru < gcc.trace
128,32,4,no-write-allocate,write-through,lru,9830,37536,21209747,./csim 128 32 4 no-write-allocate write-through lru < gcc.trace
256,16,4,no-write-allocate,write-through,lru,9833,37520,21210063,./csim 256 16 4 no-write-allocate write-through lru < gcc.trace
256,32,4,no-write-allocate,write-through,fifo,9845,37712,21211071,./csim 256 32 4 no-write-allocate write-through fifo < gcc.trace
512,16,4,no-write-allocate,write-through,fifo,9851,37719,21211664,./csim 512 16 4 no-write-allocate write-through fifo < gcc.trace
512,8,4,no-write-allocate,write-through,lru,9858,37570,21212513,./csim 512 8 4 no-write-allocate write-through lru < gcc.trace
1024,8,4,no-write-allocate,write-through,fifo,9910,37692,21217591,./csim 1024 8 4 no-write-allocate write-through fifo < gcc.trace
1024,4,4,no-write-allocate,write-through,lru,9916,37751,21218132,./csim 1024 4 4 no-write-allocate write-through lru < gcc.trace
2048,4,4,no-write-allocate,write-through,fifo,9971,37824,21223559,./csim 2048 4 4 no-write-allocate write-through fifo < gcc.trace
4096,2,4,no-write-allocate,write-through,fifo,10088,38228,21234855,./csim 4096 2 4 no-write-allocate write-through fifo < gcc.trace
2048,2,4,no-write-allocate,write-through,lru,10189,37932,21245251,./csim 2048 2 4 no-write-allocate write-through lru < gcc.trace
128,16,4,no-write-allocate,write-through,lru,10199,38015,21246168,./csim 128 16 4 no-write-allocate write-through lru < gcc.trace
256,8,4,no-write-allocate,write-through,lru,10225,37834,21248949,./csim 256 8 4 no-write-allocate write-through lru < gcc.trace
128,32,4,no-write-allocate,write-through,fifo,10326,38069,21258814,./csim 128 32 4 no-write-allocate write-through fifo < gcc.trace
256,16,4,no-write-allocate,write-through,fifo,10330,38088,21259195,./csim 256 16 4 no-write-allocate write-through fifo < gcc.trace
512,4,4,no-write-allocate,write-through,lru,10367,37985,21262998,./csim 512 4 4 no-write-allocate write-through lru < gcc.trace
512,8,4,no-write-allocate,write-through,fifo,10380,38382,21263901,./csim 512 8 4 no-write-allocate write-through fifo < gcc.trace
1024,4,4,no-write-allocate,write-through,fifo,10471,38396,21272987,./csim 1024 4 4 no-write-allocate write-through fifo < gcc.trace
2048,2,4,no-write-allocate,write-through,fifo,10671,38383,21293000,./csim 2048 2 4 no-write-allocate write-through fifo < gcc.trace
1024,2,4,no-write-allocate,write-through,lru,10981,38288,21324095,./csim 1024 2 4 no-write-allocate write-through lru < gcc.trace
128,16,4,no-write-allocate,write-through,fifo,11141,38934,21339449,./csim 128 16 4 no-write-allocate write-through fifo < gcc.trace
256,8,4,no-write-allocate,write-through,fifo,11180,38656,21343627,./csim 256 8 4 no-write-allocate write-through fifo < gcc.trace
512,4,4,no-write-allocate,write-through,fifo,11268,39074,21352009,./csim 512 4 4 no-write-allocate write-through fifo < gcc.trace
128,8,4,no-write-allocate,write-through,lru,11710,38495,21396788,./csim 128 8 4 no-write-allocate write-through lru < gcc.trace
1024,2,4,no-write-allocate,write-through,fifo,11759,39132,21401051,./csim 1024 2 4 no-write-allocate write-through fifo < gcc.trace
256,4,4,no-write-allocate,write-through,lru,11792,38581,21404902,./csim 256 4 4 no-write-allocate write-through lru < gcc.trace
64,16,4,no-write-allocate,write-through,lru,11825,38520,21408263,./csim 64 16 4 no-write-allocate write-through lru < gcc.trace
4096,1,4,no-write-allocate,write-through,fifo,11977,39102,21422881,./csim 4096 1 4 no-write-allocate write-through fifo < gcc.trace
4096,1,4,no-write-allocate,write-through,lru,11977,39102,21422881,./csim 4096 1 4 no-write-allocate write-through lru < gcc.trace
512,2,4,no-write-allocate,write-through,lru,13051,39205,21530178,./csim 512 2 4 no-write-allocate write-through lru < gcc.trace
128,8,4,no-write-allocate,write-through,fifo,13228,39967,21547116,./csim 128 8 4 no-write-allocate write-through fifo < gcc.trace
64,16,4,no-write-allocate,write-through,fifo,13305,39707,21555076,./csim 64 16 4 no-write-allocate write-through fifo < gcc.trace
256,4,4,no-write-allocate,write-through,fifo,13371,40082,21561301,./csim 256 4 4 no-write-allocate write-through fifo < gcc.trace
64,8,4,no-write-allocate,write-through,lru,13432,39222,21568261,./csim 64 8 4 no-write-allocate write-through lru < gcc.trace
512,2,4,no-write-allocate,write-through,fifo,14128,40415,21636668,./csim 512 2 4 no-write-allocate write-through fifo < gcc.trace
128,4,4,no-write-allocate,write-through,lru,14314,39453,21656230,./csim 128 4 4 no-write-allocate write-through lru < gcc.trace
32,2,4,write-allocate,write-back,lru,82693,55485,21740783,./csim 32 2 4 write-allocate write-back lru < gcc.trace
2048,1,4,no-write-allocate,write-through,fifo,15744,40604,21798079,./csim 2048 1 4 no-write-allocate write-through fifo < gcc.trace
2048,1,4,no-write-allocate,write-through,lru,15744,40604,21798079,./csim 2048 1 4 no-write-allocate write-through lru < gcc.trace
64,8,4,no-write-allocate,write-through,fifo,16451,43499,21865884,./csim 64 8 4 no-write-allocate write-through fifo < gcc.trace
128,4,4,no-write-allocate,write-through,fifo,16952,43678,21915805,./csim 128 4 4 no-write-allocate write-through fifo < gcc.trace
512,32,8,no-write-allocate,write-through,lru,8499,36184,21927899,./csim 512 32 8 no-write-allocate write-through lru < gcc.trace
512,64,8,no-write-allocate,write-through,fifo,8499,36184,21927899,./csim 512 64 8 no-write-allocate write-through fifo < gcc.trace
512,64,8,no-write-allocate,write-through,lru,8499,36184,21927899,./csim 512 64 8 no-write-allocate write-through lru < gcc.trace
1024,32,8,no-write-allocate,write-through,fifo,8499,36184,21927899,./csim 1024 32 8 no-write-allocate write-through fifo < gcc.trace
1024,32,8,no-write-allocate,write-through,lru,8499,36184,21927899,./csim 1024 32 8 no-write-allocate write-through lru < gcc.trace
1024,64,8,no-write-allocate,write-through,fifo,8499,36184,21927899,./csim 1024 64 8 no-write-allocate write-through fifo < gcc.trace
1024,64,8,no-write-allocate,write-through,lru,8499,36184,21927899,./csim 1024 64 8 no-write-allocate write-through lru < gcc.trace
1024,128,8,no-write-allocate,write-through,fifo,8499,36184,21927899,./csim 1024 128 8 no-write-allocate write-through fifo < gcc.trace
1024,128,8,no-write-allocate,write-through,lru,8499,36184,21927899,./csim 1024 128 8 no-write-allocate write-through lru < gcc.trace
2048,32,8,no-write-allocate,write-through,fifo,8499,36184,21927899,./csim 2048 32 8 no-write-allocate write-through fifo < gcc.trace
2048,32,8,no-write-allocate,write-through,lru,8499,36184,21927899,./csim 2048 32 8 no-write-allocate write-through lru < gcc.trace
2048,64,8,no-write-allocate,write-through,fifo,8499,36184,21927899,./csim 2048 64 8 no-write-allocate write-through fifo < gcc.trace
2048,64,8,no-write-allocate,write-through,lru,8499,36184,21927899,./csim 2048 64 8 no-write-allocate write-through lru < gcc.trace
2048,128,8,no-write-allocate,write-through,fifo,8499,36184,21927899,./csim 2048 128 8 no-write-allocate write-through fifo < gcc.trace
2048,128,8,no-write-allocate,write-through,lru,8499,36184,21927899,./csim 2048 128 8 no-write-allocate write-through lru < gcc.trace
2048,256,8,no-write-allocate,write-through,fifo,8499,36184,21927899,./csim 2048 256 8 no-write-allocate write-through fifo < gcc.trace
2048,256,8,no-write-allocate,write-through,lru,8499,36184,21927899,./csim 2048 256 8 no-write-allocate write-through lru < gcc.trace
4096,32,8,no-write-allocate,write-through,fifo,8499,36184,21927899,./csim 4096 32 8 no-write-allocate write-through fifo < gcc.trace
4096,32,8,no-write-allocate,write-through,lru,8499,36184,21927899,./csim 4096 32 8 no-write-allocate write-through lru < gcc.trace
4096,64,8,no-write-allocate,write-through,fifo,8499,36184,21927899,./csim 4096 64 8 no-write-allocate write-through fifo < gcc.trace
4096,64,8,no-write-allocate,write-through,lru,8499,36184,21927899,./csim 4096 64 8 no-write-allocate write-through lru < gcc.trace
4096,128,8,no-write-allocate,write-through,fifo,8499,36184,21927899,./csim 4096 128 8 no-write-allocate write-through fifo < gcc.trace
4096,128,8,no-write-allocate,write-through,lru,8499,36184,21927899,./csim 4096 128 8 no-write-allocate write-through lru < gcc.trace
4096,256,8,no-write-allocate,write-through,fifo,8499,36184,21927899,./csim 4096 256 8 no-write-allocate write-through fifo < gcc.trace
4096,256,8,no-write-allocate,write-through,lru,8499,36184,21927899,./csim 4096 256 8 no-write-allocate write-through lru < gcc.trace
1024,16,8,no-write-allocate,write-through,lru,8500,36184,21928099,./csim 1024 16 8 no-write-allocate write-through lru < gcc.trace
2048,16,8,no-write-allocate,write-through,lru,8500,36184,21928099,./csim 2048 16 8 no-write-allocate write-through lru < gcc.trace
4096,8,8,no-write-allocate,write-through,fifo,8500,36184,21928099,./csim 4096 8 8 no-write-allocate write-through fifo < gcc.trace
4096,8,8,no-write-allocate,write-through,lru,8500,36184,21928099,./csim 4096 8 8 no-write-allocate write-through lru < gcc.trace
4096,16,8,no-write-allocate,write-through,fifo,8500,36184,21928099,./csim 4096 16 8 no-write-allocate write-through fifo < gcc.trace
4096,16,8,no-write-allocate,write-through,lru,8500,36184,21928099,./csim 4096 16 8 no-write-allocate write-through lru < gcc.trace
2048,8,8,no-write-allocate,write-through,lru,8501,36184,21928299,./csim 2048 8 8 no-write-allocate write-through lru < gcc.trace
2048,16,8,no-write-allocate,write-through,fifo,8501,36184,21928299,./csim 2048 16 8 no-write-allocate write-through fifo < gcc.trace
512,32,8,no-write-allocate,write-through,fifo,8502,36185,21928498,./csim 512 32 8 no-write-allocate write-through fifo < gcc.trace
1024,16,8,no-write-allocate,write-through,fifo,8503,36185,21928698,./csim 1024 16 8 no-write-allocate write-through fifo < gcc.trace
4096,4,8,no-write-allocate,write-through,lru,8506,36186,21929297,./csim 4096 4 8 no-write-allocate write-through lru < gcc.trace
2048,8,8,no-write-allocate,write-through,fifo,8509,36186,21929897,./csim 2048 8 8 no-write-allocate write-through fifo < gcc.trace
256,32,8,no-write-allocate,write-through,lru,8513,36186,21930697,./csim 256 32 8 no-write-allocate write-through lru < gcc.trace
4096,4,8,no-write-allocate,write-through,fifo,8519,36210,21931873,./csim 4096 4 8 no-write-allocate write-through fifo < gcc.trace
512,16,8,no-write-allocate,write-through,lru,8524,36189,21932894,./csim 512 16 8 no-write-allocate write-through lru < gcc.trace
1024,8,8,no-write-allocate,write-through,lru,8537,36189,21935494,./csim 1024 8 8 no-write-allocate write-through lru < gcc.trace
2048,4,8,no-write-allocate,write-through,lru,8544,36190,21936893,./csim 2048 4 8 no-write-allocate write-through lru < gcc.trace
256,32,8,no-write-allocate,write-through,fifo,8571,36226,21942257,./csim 256 32 8 no-write-allocate write-through fifo < gcc.trace
512,16,8,no-write-allocate,write-through,fifo,8599,36264,21947819,./csim 512 16 8 no-write-allocate write-through fifo < gcc.trace
4096,2,8,no-write-allocate,write-through,lru,8622,36224,21952459,./csim 4096 2 8 no-write-allocate write-through lru < gcc.trace
1024,8,8,no-write-allocate,write-through,fifo,8643,36291,21956592,./csim 1024 8 8 no-write-allocate write-through fifo < gcc.trace
256,16,8,no-write-allocate,write-through,lru,8684,36205,21964878,./csim 256 16 8 no-write-allocate write-through lru < gcc.trace
2048,4,8,no-write-allocate,write-through,fifo,8689,36456,21965627,./csim 2048 4 8 no-write-allocate write-through fifo < gcc.trace
512,8,8,no-write-allocate,write-through,lru,8714,36212,21970871,./csim 512 8 8 no-write-allocate write-through lru < gcc.trace
1024,4,8,no-write-allocate,write-through,lru,8737,36262,21975421,./csim 1024 4 8 no-write-allocate write-through lru < gcc.trace
4096,2,8,no-write-allocate,write-through,fifo,8771,36412,21982071,./csim 4096 2 8 no-write-allocate write-through fifo < gcc.trace
2048,2,8,no-write-allocate,write-through,lru,8830,36302,21993981,./csim 2048 2 8 no-write-allocate write-through lru < gcc.trace
128,16,8,no-write-allocate,write-through,lru,8935,36237,22015046,./csim 128 16 8 no-write-allocate write-through lru < gcc.trace
256,16,8,no-write-allocate,write-through,fifo,8942,36509,22016174,./csim 256 16 8 no-write-allocate write-through fifo < gcc.trace
256,8,8,no-write-allocate,write-through,lru,8959,36290,22019793,./csim 256 8 8 no-write-allocate write-through lru < gcc.trace
512,8,8,no-write-allocate,write-through,fifo,9006,36477,22029006,./csim 512 8 8 no-write-allocate write-through fifo < gcc.trace
512,4,8,no-write-allocate,write-through,lru,9012,36473,22030210,./csim 512 4 8 no-write-allocate write-through lru < gcc.trace
1024,4,8,no-write-allocate,write-through,fifo,9065,36553,22040730,./csim 1024 4 8 no-write-allocate write-through fifo < gcc.trace
2048,2,8,no-write-allocate,write-through,fifo,9177,36966,22062717,./csim 2048 2 8 no-write-allocate write-through fifo < gcc.trace
1024,2,8,no-write-allocate,write-through,lru,9302,36723,22087960,./csim 1024 2 8 no-write-allocate write-through lru < gcc.trace
128,8,8,no-write-allocate,write-through,lru,9369,36697,22101386,./csim 128 8 8 no-write-allocate write-through lru < gcc.trace
128,16,8,no-write-allocate,write-through,fifo,9469,37032,22121051,./csim 128 16 8 no-write-allocate write-through fifo < gcc.trace
32,8,4,no-write-allocate,write-through,lru,19032,43182,22124301,./csim 32 8 4 no-write-allocate write-through lru < gcc.trace
256,8,8,no-write-allocate,write-through,fifo,9504,37027,22128056,./csim 256 8 8 no-write-allocate write-through fifo < gcc.trace
256,4,8,no-write-allocate,write-through,lru,9509,36747,22129336,./csim 256 4 8 no-write-allocate write-through lru < gcc.trace
512,4,8,no-write-allocate,write-through,fifo,9594,37217,22145866,./csim 512 4 8 no-write-allocate write-through fifo < gcc.trace
1024,2,8,no-write-allocate,write-through,fifo,9806,37240,22188243,./csim 1024 2 8 no-write-allocate write-through fifo < gcc.trace
256,1,32,write-allocate,write-back,fifo,10841,6940,22211683,./csim 256 1 32 write-allocate write-back fifo < gcc.trace
256,1,32,write-allocate,write-back,lru,10841,6940,22211683,./csim 256 1 32 write-allocate write-back lru < gcc.trace
4096,1,8,no-write-allocate,write-through,fifo,10081,37092,22243391,./csim 4096 1 8 no-write-allocate write-through fifo < gcc.trace
4096,1,8,no-write-allocate,write-through,lru,10081,37092,22243391,./csim 4096 1 8 no-write-allocate write-through lru < gcc.trace
512,2,8,no-write-allocate,write-through,lru,10134,37123,22253960,./csim 512 2 8 no-write-allocate write-through lru < gcc.trace
256,2,4,no-write-allocate,write-through,lru,20356,42659,22257224,./csim 256 2 4 no-write-allocate write-through lru < gcc.trace
64,4,4,no-write-allocate,write-through,lru,20462,43569,22266914,./csim 64 4 4 no-write-allocate write-through lru < gcc.trace
128,8,8,no-write-allocate,write-through,fifo,10362,37415,22299268,./csim 128 8 8 no-write-allocate write-through fifo < gcc.trace
256,4,8,no-write-allocate,write-through,fifo,10453,37800,22317083,./csim 256 4 8 no-write-allocate write-through fifo < gcc.trace
64,8,8,no-write-allocate,write-through,lru,10897,37388,22406295,./csim 64 8 8 no-write-allocate write-through lru < gcc.trace
512,2,8,no-write-allocate,write-through,fifo,10935,38037,22413246,./csim 512 2 8 no-write-allocate write-through fifo < gcc.trace
128,4,8,no-write-allocate,write-through,lru,11038,37471,22434412,./csim 128 4 8 no-write-allocate write-through lru < gcc.trace
256,2,4,no-write-allocate,write-through,fifo,22256,44711,22445172,./csim 256 2 4 no-write-allocate write-through fifo < gcc.trace
2048,1,8,no-write-allocate,write-through,fifo,11347,38138,22495545,./csim 2048 1 8 no-write-allocate write-through fifo < gcc.trace
2048,1,8,no-write-allocate,write-through,lru,11347,38138,22495545,./csim 2048 1 8 no-write-allocate write-through lru < gcc.trace
1024,1,4,no-write-allocate,write-through,fifo,22889,41948,22511235,./csim 1024 1 4 no-write-allocate write-through fifo < gcc.trace
1024,1,4,no-write-allocate,write-through,lru,22889,41948,22511235,./csim 1024 1 4 no-write-allocate write-through lru < gcc.trace
512,32,16,no-write-allocate,write-through,lru,5990,32270,22628013,./csim 512 32 16 no-write-allocate write-through lru < gcc.trace
1024,32,16,no-write-allocate,write-through,fifo,5990,32270,22628013,./csim 1024 32 16 no-write-allocate write-through fifo < gcc.trace
1024,32,16,no-write-allocate,write-through,lru,5990,32270,22628013,./csim 1024 32 16 no-write-allocate write-through lru < gcc.trace
1024,64,16,no-write-allocate,write-through,fifo,5990,32270,22628013,./csim 1024 64 16 no-write-allocate write-through fifo < gcc.trace
1024,64,16,no-write-allocate,write-through,lru,5990,32270,22628013,./csim 1024 64 16 no-write-allocate write-through lru < gcc.trace
2048,32,16,no-write-allocate,write-through,fifo,5990,32270,22628013,./csim 2048 32 16 no-write-allocate write-through fifo < gcc.trace
2048,32,16,no-write-allocate,write-through,lru,5990,32270,22628013,./csim 2048 32 16 no-write-allocate write-through lru < gcc.trace
2048,64,16,no-write-allocate,write-through,fifo,5990,32270,22628013,./csim 2048 64 16 no-write-allocate write-through fifo < gcc.trace
2048,64,16,no-write-allocate,write-through,lru,5990,32270,22628013,./csim 2048 64 16 no-write-allocate write-through lru < gcc.trace
2048,128,16,no-write-allocate,write-through,fifo,5990,32270,22628013,./csim 2048 128 16 no-write-allocate write-through fifo < gcc.trace
2048,128,16,no-write-allocate,write-through,lru,5990,32270,22628013,./csim 2048 128 16 no-write-allocate write-through lru < gcc.trace
4096,32,16,no-write-allocate,write-through,fifo,5990,32270,22628013,./csim 4096 32 16 no-write-allocate write-through fifo < gcc.trace
4096,32,16,no-write-allocate,write-through,lru,5990,32270,22628013,./csim 4096 32 16 no-write-allocate write-through lru < gcc.trace
4096,64,16,no-write-allocate,write-through,fifo,5990,32270,22628013,./csim 4096 64 16 no-write-allocate write-through fifo < gcc.trace
4096,64,16,no-write-allocate,write-through,lru,5990,32270,22628013,./csim 4096 64 16 no-write-allocate write-through lru < gcc.trace
4096,128,16,no-write-allocate,write-through,fifo,5990,32270,22628013,./csim 4096 128 16 no-write-allocate write-through fifo < gcc.trace
4096,128,16,no-write-allocate,write-through,lru,5990,32270,22628013,./csim 4096 128 16 no-write-allocate write-through lru < gcc.trace
4096,256,16,no-write-allocate,write-through,fifo,5990,32270,22628013,./csim 4096 256 16 no-write-allocate write-through fifo < gcc.trace
4096,256,16,no-write-allocate,write-through,lru,5990,32270,22628013,./csim 4096 256 16 no-write-allocate write-through lru < gcc.trace
512,32,16,no-write-allocate,write-through,fifo,5991,32273,22628410,./csim 512 32 16 no-write-allocate write-through fifo < gcc.trace
1024,16,16,no-write-allocate,write-through,lru,5991,32270,22628413,./csim 1024 16 16 no-write-allocate write-through lru < gcc.trace
2048,8,16,no-write-allocate,write-through,fifo,5991,32270,22628413,./csim 2048 8 16 no-write-allocate write-through fifo < gcc.trace
2048,8,16,no-write-allocate,write-through,lru,5991,32270,22628413,./csim 2048 8 16 no-write-allocate write-through lru < gcc.trace
2048,16,16,no-write-allocate,write-through,fifo,5991,32270,22628413,./csim 2048 16 16 no-write-allocate write-through fifo < gcc.trace
2048,16,16,no-write-allocate,write-through,lru,5991,32270,22628413,./csim 2048 16 16 no-write-allocate write-through lru < gcc.trace
4096,8,16,no-write-allocate,write-through,fifo,5991,32270,22628413,./csim 4096 8 16 no-write-allocate write-through fifo < gcc.trace
4096,8,16,no-write-allocate,write-through,lru,5991,32270,22628413,./csim 4096 8 16 no-write-allocate write-through lru < gcc.trace
4096,16,16,no-write-allocate,write-through,fifo,5991,32270,22628413,./csim 4096 16 16 no-write-allocate write-through fifo < gcc.trace
4096,16,16,no-write-allocate,write-through,lru,5991,32270,22628413,./csim 4096 16 16 no-write-allocate write-through lru < gcc.trace
1024,16,16,no-write-allocate,write-through,fifo,5992,32270,22628813,./csim 1024 16 16 no-write-allocate write-through fifo < gcc.trace
512,16,16,no-write-allocate,write-through,lru,5993,32270,22629213,./csim 512 16 16 no-write-allocate write-through lru < gcc.trace
1024,8,16,no-write-allocate,write-through,lru,5995,32272,22630011,./csim 1024 8 16 no-write-allocate write-through lru < gcc.trace
4096,4,16,no-write-allocate,write-through,lru,5995,32272,22630011,./csim 4096 4 16 no-write-allocate write-through lru < gcc.trace
4096,4,16,no-write-allocate,write-through,fifo,6000,32272,22632011,./csim 4096 4 16 no-write-allocate write-through fifo < gcc.trace
512,16,16,no-write-allocate,write-through,fifo,6003,32280,22633203,./csim 512 16 16 no-write-allocate write-through fifo < gcc.trace
2048,4,16,no-write-allocate,write-through,lru,6005,32273,22634010,./csim 2048 4 16 no-write-allocate write-through lru < gcc.trace
1024,8,16,no-write-allocate,write-through,fifo,6018,32289,22639194,./csim 1024 8 16 no-write-allocate write-through fifo < gcc.trace
2048,4,16,no-write-allocate,write-through,fifo,6032,32296,22644787,./csim 2048 4 16 no-write-allocate write-through fifo < gcc.trace
256,16,16,no-write-allocate,write-through,lru,6054,32278,22653605,./csim 256 16 16 no-write-allocate write-through lru < gcc.trace
512,8,16,no-write-allocate,write-through,lru,6064,32280,22657603,./csim 512 8 16 no-write-allocate write-through lru < gcc.trace
4096,2,16,no-write-allocate,write-through,lru,6066,32284,22658399,./csim 4096 2 16 no-write-allocate write-through lru < gcc.trace
1024,4,16,no-write-allocate,write-through,lru,6072,32284,22660799,./csim 1024 4 16 no-write-allocate write-through lru < gcc.trace
4096,2,16,no-write-allocate,write-through,fifo,6127,32307,22682776,./csim 4096 2 16 no-write-allocate write-through fifo < gcc.trace
32,8,4,no-write-allocate,write-through,fifo,24671,46685,22684698,./csim 32 8 4 no-write-allocate write-through fifo < gcc.trace
64,4,4,no-write-allocate,write-through,fifo,24728,46744,22690339,./csim 64 4 4 no-write-allocate write-through fifo < gcc.trace
2048,2,16,no-write-allocate,write-through,lru,6160,32324,22695959,./csim 2048 2 16 no-write-allocate write-through lru < gcc.trace
256,2,8,no-write-allocate,write-through,lru,12364,38135,22698948,./csim 256 2 8 no-write-allocate write-through lru < gcc.trace
256,16,16,no-write-allocate,write-through,fifo,6193,32365,22709118,./csim 256 16 16 no-write-allocate write-through fifo < gcc.trace
512,8,16,no-write-allocate,write-through,fifo,6211,32389,22716294,./csim 512 8 16 no-write-allocate write-through fifo < gcc.trace
1024,4,16,no-write-allocate,write-through,fifo,6223,32637,22720846,./csim 1024 4 16 no-write-allocate write-through fifo < gcc.trace
64,8,8,no-write-allocate,write-through,fifo,12530,38772,22731511,./csim 64 8 8 no-write-allocate write-through fifo < gcc.trace
256,8,16,no-write-allocate,write-through,lru,6260,32331,22735952,./csim 256 8 16 no-write-allocate write-through lru < gcc.trace
2048,2,16,no-write-allocate,write-through,fifo,6301,32505,22752178,./csim 2048 2 16 no-write-allocate write-through fifo < gcc.trace
512,4,16,no-write-allocate,write-through,lru,6307,32425,22754658,./csim 512 4 16 no-write-allocate write-through lru < gcc.trace
128,4,8,no-write-allocate,write-through,fifo,12733,38751,22772132,./csim 128 4 8 no-write-allocate write-through fifo < gcc.trace
1024,2,16,no-write-allocate,write-through,lru,6409,32488,22795395,./csim 1024 2 16 no-write-allocate write-through lru < gcc.trace
64,2,16,write-allocate,write-back,fifo,23558,13127,22798083,./csim 64 2 16 write-allocate write-back fifo < gcc.trace
128,8,16,no-write-allocate,write-through,lru,6504,32553,22833330,./csim 128 8 16 no-write-allocate write-through lru < gcc.trace
64,2,32,write-allocate,write-back,fifo,12085,6359,22834083,./csim 64 2 32 write-allocate write-back fifo < gcc.trace
256,8,16,no-write-allocate,write-through,fifo,6548,32662,22850821,./csim 256 8 16 no-write-allocate write-through fifo < gcc.trace
256,4,16,no-write-allocate,write-through,lru,6584,32667,22865216,./csim 256 4 16 no-write-allocate write-through lru < gcc.trace
512,4,16,no-write-allocate,write-through,fifo,6617,32794,22878289,./csim 512 4 16 no-write-allocate write-through fifo < gcc.trace
1024,2,16,no-write-allocate,write-through,fifo,6711,33643,22915040,./csim 1024 2 16 no-write-allocate write-through fifo < gcc.trace
256,2,8,no-write-allocate,write-through,fifo,13531,39421,22931062,./csim 256 2 8 no-write-allocate write-through fifo < gcc.trace
4096,1,16,no-write-allocate,write-through,fifo,6891,32588,22988095,./csim 4096 1 16 no-write-allocate write-through fifo < gcc.trace
4096,1,16,no-write-allocate,write-through,lru,6891,32588,22988095,./csim 4096 1 16 no-write-allocate write-through lru < gcc.trace
64,4,8,no-write-allocate,write-through,lru,13828,38484,22991399,./csim 64 4 8 no-write-allocate write-through lru < gcc.trace
512,2,16,no-write-allocate,write-through,lru,6963,33059,23016424,./csim 512 2 16 no-write-allocate write-through lru < gcc.trace
128,8,16,no-write-allocate,write-through,fifo,7073,33366,23060117,./csim 128 8 16 no-write-allocate write-through fifo < gcc.trace
256,4,16,no-write-allocate,write-through,fifo,7180,33781,23102502,./csim 256 4 16 no-write-allocate write-through fifo < gcc.trace
128,2,4,no-write-allocate,write-through,lru,28960,45531,23114752,./csim 128 2 4 no-write-allocate write-through lru < gcc.trace
128,4,16,no-write-allocate,write-through,lru,7234,33158,23124725,./csim 128 4 16 no-write-allocate write-through lru < gcc.trace
32,2,8,write-allocate,write-back,lru,43839,29940,23124883,./csim 32 2 8 write-allocate write-back lru < gcc.trace
512,2,16,no-write-allocate,write-through,fifo,7428,33987,23201496,./csim 512 2 16 no-write-allocate write-through fifo < gcc.trace
1024,1,8,no-write-allocate,write-through,fifo,15166,39710,23257773,./csim 1024 1 8 no-write-allocate write-through fifo < gcc.trace
1024,1,8,no-write-allocate,write-through,lru,15166,39710,23257773,./csim 1024 1 8 no-write-allocate write-through lru < gcc.trace
1024,32,32,no-write-allocate,write-through,fifo,3789,27753,23267730,./csim 1024 32 32 no-write-allocate write-through fifo < gcc.trace
1024,32,32,no-write-allocate,write-through,lru,3789,27753,23267730,./csim 1024 32 32 no-write-allocate write-through lru < gcc.trace
2048,32,32,no-write-allocate,write-through,fifo,3789,27753,23267730,./csim 2048 32 32 no-write-allocate write-through fifo < gcc.trace
2048,32,32,no-write-allocate,write-through,lru,3789,27753,23267730,./csim 2048 32 32 no-write-allocate write-through lru < gcc.trace
2048,64,32,no-write-allocate,write-through,fifo,3789,27753,23267730,./csim 2048 64 32 no-write-allocate write-through fifo < gcc.trace
2048,64,32,no-write-allocate,write-through,lru,3789,27753,23267730,./csim 2048 64 32 no-write-allocate write-through lru < gcc.trace
4096,16,32,no-write-allocate,write-through,fifo,3789,27753,23267730,./csim 4096 16 32 no-write-allocate write-through fifo < gcc.trace
4096,16,32,no-write-allocate,write-through,lru,3789,27753,23267730,./csim 4096 16 32 no-write-allocate write-through lru < gcc.trace
4096,32,32,no-write-allocate,write-through,fifo,3789,27753,23267730,./csim 4096 32 32 no-write-allocate write-through fifo < gcc.trace
4096,32,32,no-write-allocate,write-through,lru,3789,27753,23267730,./csim 4096 32 32 no-write-allocate write-through lru < gcc.trace
4096,64,32,no-write-allocate,write-through,fifo,3789,27753,23267730,./csim 4096 64 32 no-write-allocate write-through fifo < gcc.trace
4096,64,32,no-write-allocate,write-through,lru,3789,27753,23267730,./csim 4096 64 32 no-write-allocate write-through lru < gcc.trace
4096,128,32,no-write-allocate,write-through,fifo,3789,27753,23267730,./csim 4096 128 32 no-write-allocate write-through fifo < gcc.trace
4096,128,32,no-write-allocate,write-through,lru,3789,27753,23267730,./csim 4096 128 32 no-write-allocate write-through lru < gcc.trace
512,16,32,no-write-allocate,write-through,lru,3790,27753,23268530,./csim 512 16 32 no-write-allocate write-through lru < gcc.trace
1024,8,32,no-write-allocate,write-through,lru,3790,27753,23268530,./csim 1024 8 32 no-write-allocate write-through lru < gcc.trace
1024,16,32,no-write-allocate,write-through,fifo,3790,27753,23268530,./csim 1024 16 32 no-write-allocate write-through fifo < gcc.trace
1024,16,32,no-write-allocate,write-through,lru,3790,27753,23268530,./csim 1024 16 32 no-write-allocate write-through lru < gcc.trace
2048,8,32,no-write-allocate,write-through,fifo,3790,27753,23268530,./csim 2048 8 32 no-write-allocate write-through fifo < gcc.trace
2048,8,32,no-write-allocate,write-through,lru,3790,27753,23268530,./csim 2048 8 32 no-write-allocate write-through lru < gcc.trace
2048,16,32,no-write-allocate,write-through,fifo,3790,27753,23268530,./csim 2048 16 32 no-write-allocate write-through fifo < gcc.trace
2048,16,32,no-write-allocate,write-through,lru,3790,27753,23268530,./csim 2048 16 32 no-write-allocate write-through lru < gcc.trace
4096,8,32,no-write-allocate,write-through,fifo,3790,27753,23268530,./csim 4096 8 32 no-write-allocate write-through fifo < gcc.trace
4096,8,32,no-write-allocate,write-through,lru,3790,27753,23268530,./csim 4096 8 32 no-write-allocate write-through lru < gcc.trace
512,16,32,no-write-allocate,write-through,fifo,3791,27753,23269330,./csim 512 16 32 no-write-allocate write-through fifo < gcc.trace
4096,4,32,no-write-allocate,write-through,lru,3791,27753,23269330,./csim 4096 4 32 no-write-allocate write-through lru < gcc.trace
1024,8,32,no-write-allocate,write-through,fifo,3792,27755,23270128,./csim 1024 8 32 no-write-allocate write-through fifo < gcc.trace
4096,4,32,no-write-allocate,write-through,fifo,3792,27753,23270130,./csim 4096 4 32 no-write-allocate write-through fifo < gcc.trace
2048,4,32,no-write-allocate,write-through,lru,3795,27753,23272530,./csim 2048 4 32 no-write-allocate write-through lru < gcc.trace
2048,4,32,no-write-allocate,write-through,fifo,3801,27755,23277328,./csim 2048 4 32 no-write-allocate write-through fifo < gcc.trace
512,8,32,no-write-allocate,write-through,lru,3802,27755,23278128,./csim 512 8 32 no-write-allocate write-through lru < gcc.trace
4096,2,32,no-write-allocate,write-through,lru,3808,27755,23282928,./csim 4096 2 32 no-write-allocate write-through lru < gcc.trace
1024,4,32,no-write-allocate,write-through,lru,3814,27756,23287727,./csim 1024 4 32 no-write-allocate write-through lru < gcc.trace
4096,2,32,no-write-allocate,write-through,fifo,3819,27780,23291703,./csim 4096 2 32 no-write-allocate write-through fifo < gcc.trace
512,8,32,no-write-allocate,write-through,fifo,3838,27785,23306898,./csim 512 8 32 no-write-allocate write-through fifo < gcc.trace
1024,4,32,no-write-allocate,write-through,fifo,3855,27793,23320490,./csim 1024 4 32 no-write-allocate write-through fifo < gcc.trace
2048,2,32,no-write-allocate,write-through,lru,3891,27784,23349299,./csim 2048 2 32 no-write-allocate write-through lru < gcc.trace
256,8,32,no-write-allocate,write-through,lru,3891,27775,23349308,./csim 256 8 32 no-write-allocate write-through lru < gcc.trace
512,4,32,no-write-allocate,write-through,lru,3904,27786,23359697,./csim 512 4 32 no-write-allocate write-through lru < gcc.trace
2048,1,16,no-write-allocate,write-through,fifo,7824,33815,23360068,./csim 2048 1 16 no-write-allocate write-through fifo < gcc.trace
2048,1,16,no-write-allocate,write-through,lru,7824,33815,23360068,./csim 2048 1 16 no-write-allocate write-through lru < gcc.trace
2048,2,32,no-write-allocate,write-through,fifo,3953,27853,23398830,./csim 2048 2 32 no-write-allocate write-through fifo < gcc.trace
128,2,4,no-write-allocate,write-through,fifo,31998,47656,23416427,./csim 128 2 4 no-write-allocate write-through fifo < gcc.trace
16,4,4,write-allocate,write-back,fifo,82582,62039,23441283,./csim 16 4 4 write-allocate write-back fifo < gcc.trace
1024,2,32,no-write-allocate,write-through,lru,4008,27829,23442854,./csim 1024 2 32 no-write-allocate write-through lru < gcc.trace
512,128,4,write-allocate,write-through,fifo,4431,27356,23442983,./csim 512 128 4 write-allocate write-through fifo < gcc.trace
512,128,4,write-allocate,write-through,lru,4431,27356,23442983,./csim 512 128 4 write-allocate write-through lru < gcc.trace
1024,64,4,write-allocate,write-through,lru,4431,27356,23442983,./csim 1024 64 4 write-allocate write-through lru < gcc.trace
1024,128,4,write-allocate,write-through,fifo,4431,27356,23442983,./csim 1024 128 4 write-allocate write-through fifo < gcc.trace
1024,128,4,write-allocate,write-through,lru,4431,27356,23442983,./csim 1024 128 4 write-allocate write-through lru < gcc.trace
1024,256,4,write-allocate,write-through,fifo,4431,27356,23442983,./csim 1024 256 4 write-allocate write-through fifo < gcc.trace
1024,256,4,write-allocate,write-through,lru,4431,27356,23442983,./csim 1024 256 4 write-allocate write-through lru < gcc.trace
2048,64,4,write-allocate,write-through,fifo,4431,27356,23442983,./csim 2048 64 4 write-allocate write-through fifo < gcc.trace
2048,64,4,write-allocate,write-through,lru,4431,27356,23442983,./csim 2048 64 4 write-allocate write-through lru < gcc.trace
2048,128,4,write-allocate,write-through,fifo,4431,27356,23442983,./csim 2048 128 4 write-allocate write-through fifo < gcc.trace
2048,128,4,write-allocate,write-through,lru,4431,27356,23442983,./csim 2048 128 4 write-allocate write-through lru < gcc.trace
2048,256,4,write-allocate,write-through,fifo,4431,27356,23442983,./csim 2048 256 4 write-allocate write-through fifo < gcc.trace
2048,256,4,write-allocate,write-through,lru,4431,27356,23442983,./csim 2048 256 4 write-allocate write-through lru < gcc.trace
4096,32,4,write-allocate,write-through,fifo,4431,27356,23442983,./csim 4096 32 4 write-allocate write-through fifo < gcc.trace
4096,32,4,write-allocate,write-through,lru,4431,27356,23442983,./csim 4096 32 4 write-allocate write-through lru < gcc.trace
4096,64,4,write-allocate,write-through,fifo,4431,27356,23442983,./csim 4096 64 4 write-allocate write-through fifo < gcc.trace
4096,64,4,write-allocate,write-through,lru,4431,27356,23442983,./csim 4096 64 4 write-allocate write-through lru < gcc.trace
4096,128,4,write-allocate,write-through,fifo,4431,27356,23442983,./csim 4096 128 4 write-allocate write-through fifo < gcc.trace
4096,128,4,write-allocate,write-through,lru,4431,27356,23442983,./csim 4096 128 4 write-allocate write-through lru < gcc.trace
4096,256,4,write-allocate,write-through,fifo,4431,27356,23442983,./csim 4096 256 4 write-allocate write-through fifo < gcc.trace
4096,256,4,write-allocate,write-through,lru,4431,27356,23442983,./csim 4096 256 4 write-allocate write-through lru < gcc.trace
1024,64,4,write-allocate,write-through,fifo,4431,27357,23443083,./csim 1024 64 4 write-allocate write-through fifo < gcc.trace
2048,32,4,write-allocate,write-through,lru,4432,27356,23443083,./csim 2048 32 4 write-allocate write-through lru < gcc.trace
2048,32,4,write-allocate,write-through,fifo,4433,27356,23443183,./csim 2048 32 4 write-allocate write-through fifo < gcc.trace
4096,16,4,write-allocate,write-through,lru,4432,27357,23443183,./csim 4096 16 4 write-allocate write-through lru < gcc.trace
4096,16,4,write-allocate,write-through,fifo,4433,27357,23443283,./csim 4096 16 4 write-allocate write-through fifo < gcc.trace
512,64,4,write-allocate,write-through,lru,4505,27362,23450983,./csim 512 64 4 write-allocate write-through lru < gcc.trace
1024,32,4,write-allocate,write-through,lru,4514,27369,23452583,./csim 1024 32 4 write-allocate write-through lru < gcc.trace
4096,8,4,write-allocate,write-through,lru,4537,27367,23454683,./csim 4096 8 4 write-allocate write-through lru < gcc.trace
2048,16,4,write-allocate,write-through,lru,4538,27369,23454983,./csim 2048 16 4 write-allocate write-through lru < gcc.trace
256,8,32,no-write-allocate,write-through,fifo,4038,28013,23466670,./csim 256 8 32 no-write-allocate write-through fifo < gcc.trace
512,64,4,write-allocate,write-through,fifo,4638,27407,23468783,./csim 512 64 4 write-allocate write-through fifo < gcc.trace
1024,32,4,write-allocate,write-through,fifo,4647,27413,23470283,./csim 1024 32 4 write-allocate write-through fifo < gcc.trace
512,4,32,no-write-allocate,write-through,fifo,4045,28037,23472246,./csim 512 4 32 no-write-allocate write-through fifo < gcc.trace
2048,16,4,write-allocate,write-through,fifo,4677,27431,23475083,./csim 2048 16 4 write-allocate write-through fifo < gcc.trace
4096,8,4,write-allocate,write-through,fifo,4689,27423,23475483,./csim 4096 8 4 write-allocate write-through fifo < gcc.trace
256,2,16,no-write-allocate,write-through,lru,8138,33545,23485938,./csim 256 2 16 no-write-allocate write-through lru < gcc.trace
512,32,4,write-allocate,write-through,lru,4852,27410,23490483,./csim 512 32 4 write-allocate write-through lru < gcc.trace
256,64,4,write-allocate,write-through,lru,4852,27412,23490683,./csim 256 64 4 write-allocate write-through lru < gcc.trace
1024,16,4,write-allocate,write-through,lru,4854,27415,23491183,./csim 1024 16 4 write-allocate write-through lru < gcc.trace
2048,8,4,write-allocate,write-through,lru,4867,27418,23492783,./csim 2048 8 4 write-allocate write-through lru < gcc.trace
4096,4,4,write-allocate,write-through,lru,4888,27418,23494883,./csim 4096 4 4 write-allocate write-through lru < gcc.trace
128,4,16,no-write-allocate,write-through,fifo,8187,34321,23504762,./csim 128 4 16 no-write-allocate write-through fifo < gcc.trace
512,32,4,write-allocate,write-through,fifo,5034,27491,23516783,./csim 512 32 4 write-allocate write-through fifo < gcc.trace
256,64,4,write-allocate,write-through,fifo,5024,27502,23516883,./csim 256 64 4 write-allocate write-through fifo < gcc.trace
1024,16,4,write-allocate,write-through,fifo,5036,27513,23519183,./csim 1024 16 4 write-allocate write-through fifo < gcc.trace
32,2,4,write-allocate,write-back,fifo,86874,60971,23520083,./csim 32 2 4 write-allocate write-back fifo < gcc.trace
256,32,4,write-allocate,write-through,lru,5086,27480,23520883,./csim 256 32 4 write-allocate write-through lru < gcc.trace
2048,8,4,write-allocate,write-through,fifo,5047,27525,23521483,./csim 2048 8 4 write-allocate write-through fifo < gcc.trace
512,16,4,write-allocate,write-through,lru,5099,27480,23522183,./csim 512 16 4 write-allocate write-through lru < gcc.trace
4096,4,4,write-allocate,write-through,fifo,5080,27524,23524683,./csim 4096 4 4 write-allocate write-through fifo < gcc.trace
1024,8,4,write-allocate,write-through,lru,5143,27488,23527383,./csim 1024 8 4 write-allocate write-through lru < gcc.trace
2048,4,4,write-allocate,write-through,lru,5184,27557,23538383,./csim 2048 4 4 write-allocate write-through lru < gcc.trace
256,4,32,no-write-allocate,write-through,lru,4133,28128,23542555,./csim 256 4 32 no-write-allocate write-through lru < gcc.trace
1024,2,32,no-write-allocate,write-through,fifo,4136,27881,23545202,./csim 1024 2 32 no-write-allocate write-through fifo < gcc.trace
4096,2,4,write-allocate,write-through,lru,5275,27591,23550883,./csim 4096 2 4 write-allocate write-through lru < gcc.trace
64,4,8,no-write-allocate,write-through,fifo,16651,42757,23551726,./csim 64 4 8 no-write-allocate write-through fifo < gcc.trace
256,32,4,write-allocate,write-through,fifo,5456,27641,23573983,./csim 256 32 4 write-allocate write-through fifo < gcc.trace
512,16,4,write-allocate,write-through,fifo,5461,27640,23574383,./csim 512 16 4 write-allocate write-through fifo < gcc.trace
1024,8,4,write-allocate,write-through,fifo,5499,27657,23579883,./csim 1024 8 4 write-allocate write-through fifo < gcc.trace
128,32,4,write-allocate,write-through,lru,5434,27784,23586083,./csim 128 32 4 write-allocate write-through lru < gcc.trace
256,16,4,write-allocate,write-through,lru,5468,27775,23588583,./csim 256 16 4 write-allocate write-through lru < gcc.trace
512,8,4,write-allocate,write-through,lru,5487,27767,23589683,./csim 512 8 4 write-allocate write-through lru < gcc.trace
2048,4,4,write-allocate,write-through,fifo,5560,27739,23594183,./csim 2048 4 4 write-allocate write-through fifo < gcc.trace
1024,4,4,write-allocate,write-through,lru,5577,27814,23603383,./csim 1024 4 4 write-allocate write-through lru < gcc.trace
4096,2,4,write-allocate,write-through,fifo,5658,27767,23606783,./csim 4096 2 4 write-allocate write-through fifo < gcc.trace
512,2,32,no-write-allocate,write-through,lru,4246,27996,23633087,./csim 512 2 32 no-write-allocate write-through lru < gcc.trace
2048,2,4,write-allocate,write-through,lru,5871,27971,23648483,./csim 2048 2 4 write-allocate write-through lru < gcc.trace
128,16,4,write-allocate,write-through,lru,6168,28034,23684483,./csim 128 16 4 write-allocate write-through lru < gcc.trace
128,32,4,write-allocate,write-through,fifo,6147,28084,23687383,./csim 128 32 4 write-allocate write-through fifo < gcc.trace
256,16,4,write-allocate,write-through,fifo,6166,28098,23690683,./csim 256 16 4 write-allocate write-through fifo < gcc.trace
256,8,4,write-allocate,write-through,lru,6225,28043,23691083,./csim 256 8 4 write-allocate write-through lru < gcc.trace
512,8,4,write-allocate,write-through,fifo,6219,28101,23696283,./csim 512 8 4 write-allocate write-through fifo < gcc.trace
1024,4,4,write-allocate,write-through,fifo,6291,28136,23706983,./csim 1024 4 4 write-allocate write-through fifo < gcc.trace
512,4,4,write-allocate,write-through,lru,6395,28092,23712983,./csim 512 4 4 write-allocate write-through lru < gcc.trace
2048,2,4,write-allocate,write-through,fifo,6512,28291,23744583,./csim 2048 2 4 write-allocate write-through fifo < gcc.trace
256,4,32,no-write-allocate,write-through,fifo,4428,28532,23778151,./csim 256 4 32 no-write-allocate write-through fifo < gcc.trace
256,2,16,no-write-allocate,write-through,fifo,8877,34608,23780475,./csim 256 2 16 no-write-allocate write-through fifo < gcc.trace
4096,1,32,no-write-allocate,write-through,fifo,4443,28050,23790633,./csim 4096 1 32 no-write-allocate write-through fifo < gcc.trace
4096,1,32,no-write-allocate,write-through,lru,4443,28050,23790633,./csim 4096 1 32 no-write-allocate write-through lru < gcc.trace
1024,2,4,write-allocate,write-through,lru,7044,28385,23807183,./csim 1024 2 4 write-allocate write-through lru < gcc.trace
128,4,32,no-write-allocate,write-through,lru,4517,28332,23849551,./csim 128 4 32 no-write-allocate write-through lru < gcc.trace
512,2,32,no-write-allocate,write-through,fifo,4522,28848,23853035,./csim 512 2 32 no-write-allocate write-through fifo < gcc.trace
128,16,4,write-allocate,write-through,fifo,7362,28590,23859483,./csim 128 16 4 write-allocate write-through fifo < gcc.trace
1024,1,16,no-write-allocate,write-through,fifo,9089,34905,23864978,./csim 1024 1 16 no-write-allocate write-through fifo < gcc.trace
1024,1,16,no-write-allocate,write-through,lru,9089,34905,23864978,./csim 1024 1 16 no-write-allocate write-through lru < gcc.trace
256,8,4,write-allocate,write-through,fifo,7402,28632,23867683,./csim 256 8 4 write-allocate write-through fifo < gcc.trace
64,4,16,no-write-allocate,write-through,lru,9124,34019,23879864,./csim 64 4 16 no-write-allocate write-through lru < gcc.trace
512,4,4,write-allocate,write-through,fifo,7530,28667,23883983,./csim 512 4 4 write-allocate write-through fifo < gcc.trace
64,1,4,write-allocate,write-back,fifo,96666,57592,23913883,./csim 64 1 4 write-allocate write-back fifo < gcc.trace
64,1,4,write-allocate,write-back,lru,96666,57592,23913883,./csim 64 1 4 write-allocate write-back lru < gcc.trace
64,16,4,write-allocate,write-through,lru,7840,28725,23920783,./csim 64 16 4 write-allocate write-through lru < gcc.trace
128,8,4,write-allocate,write-through,lru,7836,28729,23920783,./csim 128 8 4 write-allocate write-through lru < gcc.trace
4096,1,4,write-allocate,write-through,fifo,7862,28719,23922383,./csim 4096 1 4 write-allocate write-through fifo < gcc.trace
4096,1,4,write-allocate,write-through,lru,7862,28719,23922383,./csim 4096 1 4 write-allocate write-through lru < gcc.trace
32,4,4,no-write-allocate,write-through,lru,37094,49532,23924151,./csim 32 4 4 no-write-allocate write-through lru < gcc.trace
256,4,4,write-allocate,write-through,lru,7950,28798,23939083,./csim 256 4 4 write-allocate write-through lru < gcc.trace
1024,2,4,write-allocate,write-through,fifo,7995,28916,23955383,./csim 1024 2 4 write-allocate write-through fifo < gcc.trace
512,1,4,no-write-allocate,write-through,fifo,38472,48428,24063055,./csim 512 1 4 no-write-allocate write-through fifo < gcc.trace
512,1,4,no-write-allocate,write-through,lru,38472,48428,24063055,./csim 512 1 4 no-write-allocate write-through lru < gcc.trace
512,2,4,write-allocate,write-through,lru,9445,29231,24131883,./csim 512 2 4 write-allocate write-through lru < gcc.trace
256,2,32,no-write-allocate,write-through,lru,4893,28574,24150109,./csim 256 2 32 no-write-allocate write-through lru < gcc.trace
2048,1,32,no-write-allocate,write-through,fifo,4913,28186,24166497,./csim 2048 1 32 no-write-allocate write-through fifo < gcc.trace
2048,1,32,no-write-allocate,write-through,lru,4913,28186,24166497,./csim 2048 1 32 no-write-allocate write-through lru < gcc.trace
128,8,4,write-allocate,write-through,fifo,9784,29641,24206783,./csim 128 8 4 write-allocate write-through fifo < gcc.trace
64,16,4,write-allocate,write-through,fifo,9809,29674,24212583,./csim 64 16 4 write-allocate write-through fifo < gcc.trace
64,8,4,write-allocate,write-through,lru,9806,29723,24217183,./csim 64 8 4 write-allocate write-through lru < gcc.trace
256,4,4,write-allocate,write-through,fifo,9994,29778,24241483,./csim 256 4 4 write-allocate write-through fifo < gcc.trace
128,4,32,no-write-allocate,write-through,fifo,5103,28660,24318023,./csim 128 4 32 no-write-allocate write-through fifo < gcc.trace
128,4,4,write-allocate,write-through,lru,10766,29976,24338483,./csim 128 4 4 write-allocate write-through lru < gcc.trace
512,2,4,write-allocate,write-through,fifo,10893,29996,24353183,./csim 512 2 4 write-allocate write-through fifo < gcc.trace
32,4,8,no-write-allocate,write-through,lru,20943,42786,24410097,./csim 32 4 8 no-write-allocate write-through lru < gcc.trace
128,2,8,no-write-allocate,write-through,lru,21074,41883,24437200,./csim 128 2 8 no-write-allocate write-through lru < gcc.trace
512,64,8,write-allocate,write-through,lru,3626,17375,24464483,./csim 512 64 8 write-allocate write-through lru < gcc.trace
1024,64,8,write-allocate,write-through,fifo,3626,17375,24464483,./csim 1024 64 8 write-allocate write-through fifo < gcc.trace
1024,64,8,write-allocate,write-through,lru,3626,17375,24464483,./csim 1024 64 8 write-allocate write-through lru < gcc.trace
1024,128,8,write-allocate,write-through,fifo,3626,17375,24464483,./csim 1024 128 8 write-allocate write-through fifo < gcc.trace
1024,128,8,write-allocate,write-through,lru,3626,17375,24464483,./csim 1024 128 8 write-allocate write-through lru < gcc.trace
2048,32,8,write-allocate,write-through,fifo,3626,17375,24464483,./csim 2048 32 8 write-allocate write-through fifo < gcc.trace
2048,32,8,write-allocate,write-through,lru,3626,17375,24464483,./csim 2048 32 8 write-allocate write-through lru < gcc.trace
2048,64,8,write-allocate,write-through,fifo,3626,17375,24464483,./csim 2048 64 8 write-allocate write-through fifo < gcc.trace
2048,64,8,write-allocate,write-through,lru,3626,17375,24464483,./csim 2048 64 8 write-allocate write-through lru < gcc.trace
2048,128,8,write-allocate,write-through,fifo,3626,17375,24464483,./csim 2048 128 8 write-allocate write-through fifo < gcc.trace
2048,128,8,write-allocate,write-through,lru,3626,17375,24464483,./csim 2048 128 8 write-allocate write-through lru < gcc.trace
2048,256,8,write-allocate,write-through,fifo,3626,17375,24464483,./csim 2048 256 8 write-allocate write-through fifo < gcc.trace
2048,256,8,write-allocate,write-through,lru,3626,17375,24464483,./csim 2048 256 8 write-allocate write-through lru < gcc.trace
4096,32,8,write-allocate,write-through,fifo,3626,17375,24464483,./csim 4096 32 8 write-allocate write-through fifo < gcc.trace
4096,32,8,write-allocate,write-through,lru,3626,17375,24464483,./csim 4096 32 8 write-allocate write-through lru < gcc.trace
4096,64,8,write-allocate,write-through,fifo,3626,17375,24464483,./csim 4096 64 8 write-allocate write-through fifo < gcc.trace
4096,64,8,write-allocate,write-through,lru,3626,17375,24464483,./csim 4096 64 8 write-allocate write-through lru < gcc.trace
4096,128,8,write-allocate,write-through,fifo,3626,17375,24464483,./csim 4096 128 8 write-allocate write-through fifo < gcc.trace
4096,128,8,write-allocate,write-through,lru,3626,17375,24464483,./csim 4096 128 8 write-allocate write-through lru < gcc.trace
4096,256,8,write-allocate,write-through,fifo,3626,17375,24464483,./csim 4096 256 8 write-allocate write-through fifo < gcc.trace
4096,256,8,write-allocate,write-through,lru,3626,17375,24464483,./csim 4096 256 8 write-allocate write-through lru < gcc.trace
512,64,8,write-allocate,write-through,fifo,3628,17376,24465083,./csim 512 64 8 write-allocate write-through fifo < gcc.trace
1024,32,8,write-allocate,write-through,lru,3628,17376,24465083,./csim 1024 32 8 write-allocate write-through lru < gcc.trace
4096,16,8,write-allocate,write-through,lru,3627,17377,24465083,./csim 4096 16 8 write-allocate write-through lru < gcc.trace
4096,16,8,write-allocate,write-through,fifo,3627,17378,24465283,./csim 4096 16 8 write-allocate write-through fifo < gcc.trace
1024,32,8,write-allocate,write-through,fifo,3628,17378,24465483,./csim 1024 32 8 write-allocate write-through fifo < gcc.trace
2048,16,8,write-allocate,write-through,fifo,3628,17378,24465483,./csim 2048 16 8 write-allocate write-through fifo < gcc.trace
2048,16,8,write-allocate,write-through,lru,3627,17379,24465483,./csim 2048 16 8 write-allocate write-through lru < gcc.trace
4096,8,8,write-allocate,write-through,lru,3627,17379,24465483,./csim 4096 8 8 write-allocate write-through lru < gcc.trace
4096,8,8,write-allocate,write-through,fifo,3630,17379,24466083,./csim 4096 8 8 write-allocate write-through fifo < gcc.trace
2048,1,4,write-allocate,write-through,fifo,11943,30184,24476983,./csim 2048 1 4 write-allocate write-through fifo < gcc.trace
2048,1,4,write-allocate,write-through,lru,11943,30184,24476983,./csim 2048 1 4 write-allocate write-through lru < gcc.trace
512,32,8,write-allocate,write-through,lru,3714,17390,24485083,./csim 512 32 8 write-allocate write-through lru < gcc.trace
1024,16,8,write-allocate,write-through,lru,3740,17392,24490683,./csim 1024 16 8 write-allocate write-through lru < gcc.trace
2048,8,8,write-allocate,write-through,lru,3742,17390,24490683,./csim 2048 8 8 write-allocate write-through lru < gcc.trace
4096,4,8,write-allocate,write-through,lru,3792,17400,24502683,./csim 4096 4 8 write-allocate write-through lru < gcc.trace
256,2,32,no-write-allocate,write-through,fifo,5335,29580,24502703,./csim 256 2 32 no-write-allocate write-through fifo < gcc.trace
512,32,8,write-allocate,write-through,fifo,3865,17439,24525083,./csim 512 32 8 write-allocate write-through fifo < gcc.trace
1024,16,8,write-allocate,write-through,fifo,3892,17457,24534083,./csim 1024 16 8 write-allocate write-through fifo < gcc.trace
2048,8,8,write-allocate,write-through,fifo,3908,17447,24535283,./csim 2048 8 8 write-allocate write-through fifo < gcc.trace
4096,4,8,write-allocate,write-through,fifo,3947,17444,24542483,./csim 4096 4 8 write-allocate write-through fifo < gcc.trace
256,32,8,write-allocate,write-through,lru,4037,17432,24558083,./csim 256 32 8 write-allocate write-through lru < gcc.trace
512,16,8,write-allocate,write-through,lru,4048,17440,24561883,./csim 512 16 8 write-allocate write-through lru < gcc.trace
1024,8,8,write-allocate,write-through,lru,4056,17443,24564083,./csim 1024 8 8 write-allocate write-through lru < gcc.trace
2048,4,8,write-allocate,write-through,lru,4078,17443,24568483,./csim 2048 4 8 write-allocate write-through lru < gcc.trace
64,2,4,no-write-allocate,write-through,lru,43592,50094,24573389,./csim 64 2 4 no-write-allocate write-through lru < gcc.trace
4096,2,8,write-allocate,write-through,lru,4159,17464,24588883,./csim 4096 2 8 write-allocate write-through lru < gcc.trace
64,4,16,no-write-allocate,write-through,fifo,10939,37209,24602674,./csim 64 4 16 no-write-allocate write-through fifo < gcc.trace
256,32,8,write-allocate,write-through,fifo,4219,17511,24610283,./csim 256 32 8 write-allocate write-through fifo < gcc.trace
32,4,4,no-write-allocate,write-through,fifo,44011,53436,24611947,./csim 32 4 4 no-write-allocate write-through fifo < gcc.trace
512,16,8,write-allocate,write-through,fifo,4232,17535,24617683,./csim 512 16 8 write-allocate write-through fifo < gcc.trace
1024,8,8,write-allocate,write-through,fifo,4244,17543,24621683,./csim 1024 8 8 write-allocate write-through fifo < gcc.trace
256,16,8,write-allocate,write-through,lru,4304,17504,24625883,./csim 256 16 8 write-allocate write-through lru < gcc.trace
2048,4,8,write-allocate,write-through,fifo,4282,17542,24629083,./csim 2048 4 8 write-allocate write-through fifo < gcc.trace
512,8,8,write-allocate,write-through,lru,4346,17509,24635283,./csim 512 8 8 write-allocate write-through lru < gcc.trace
4096,2,8,write-allocate,write-through,fifo,4363,17560,24648883,./csim 4096 2 8 write-allocate write-through fifo < gcc.trace
1024,4,8,write-allocate,write-through,lru,4393,17577,24658283,./csim 1024 4 8 write-allocate write-through lru < gcc.trace
2048,2,8,write-allocate,write-through,lru,4487,17608,24683283,./csim 2048 2 8 write-allocate write-through lru < gcc.trace
256,16,8,write-allocate,write-through,fifo,4684,17660,24733083,./csim 256 16 8 write-allocate write-through fifo < gcc.trace
512,8,8,write-allocate,write-through,fifo,4722,17672,24743083,./csim 512 8 8 write-allocate write-through fifo < gcc.trace
64,8,4,write-allocate,write-through,fifo,13601,31218,24746183,./csim 64 8 4 write-allocate write-through fifo < gcc.trace
1024,32,16,write-allocate,write-through,fifo,2342,8869,24748683,./csim 1024 32 16 write-allocate write-through fifo < gcc.trace
1024,32,16,write-allocate,write-through,lru,2342,8869,24748683,./csim 1024 32 16 write-allocate write-through lru < gcc.trace
1024,64,16,write-allocate,write-through,fifo,2342,8869,24748683,./csim 1024 64 16 write-allocate write-through fifo < gcc.trace
1024,64,16,write-allocate,write-through,lru,2342,8869,24748683,./csim 1024 64 16 write-allocate write-through lru < gcc.trace
2048,32,16,write-allocate,write-through,fifo,2342,8869,24748683,./csim 2048 32 16 write-allocate write-through fifo < gcc.trace
2048,32,16,write-allocate,write-through,lru,2342,8869,24748683,./csim 2048 32 16 write-allocate write-through lru < gcc.trace
2048,64,16,write-allocate,write-through,fifo,2342,8869,24748683,./csim 2048 64 16 write-allocate write-through fifo < gcc.trace
2048,64,16,write-allocate,write-through,lru,2342,8869,24748683,./csim 2048 64 16 write-allocate write-through lru < gcc.trace
2048,128,16,write-allocate,write-through,fifo,2342,8869,24748683,./csim 2048 128 16 write-allocate write-through fifo < gcc.trace
2048,128,16,write-allocate,write-through,lru,2342,8869,24748683,./csim 2048 128 16 write-allocate write-through lru < gcc.trace
4096,32,16,write-allocate,write-through,fifo,2342,8869,24748683,./csim 4096 32 16 write-allocate write-through fifo < gcc.trace
4096,32,16,write-allocate,write-through,lru,2342,8869,24748683,./csim 4096 32 16 write-allocate write-through lru < gcc.trace
4096,64,16,write-allocate,write-through,fifo,2342,8869,24748683,./csim 4096 64 16 write-allocate write-through fifo < gcc.trace
4096,64,16,write-allocate,write-through,lru,2342,8869,24748683,./csim 4096 64 16 write-allocate write-through lru < gcc.trace
4096,128,16,write-allocate,write-through,fifo,2342,8869,24748683,./csim 4096 128 16 write-allocate write-through fifo < gcc.trace
4096,128,16,write-allocate,write-through,lru,2342,8869,24748683,./csim 4096 128 16 write-allocate write-through lru < gcc.trace
4096,256,16,write-allocate,write-through,fifo,2342,8869,24748683,./csim 4096 256 16 write-allocate write-through fifo < gcc.trace
4096,256,16,write-allocate,write-through,lru,2342,8869,24748683,./csim 4096 256 16 write-allocate write-through lru < gcc.trace
512,32,16,write-allocate,write-through,lru,2342,8870,24749083,./csim 512 32 16 write-allocate write-through lru < gcc.trace
4096,16,16,write-allocate,write-through,lru,2343,8869,24749083,./csim 4096 16 16 write-allocate write-through lru < gcc.trace
2048,16,16,write-allocate,write-through,lru,2343,8871,24749883,./csim 2048 16 16 write-allocate write-through lru < gcc.trace
2048,16,16,write-allocate,write-through,fifo,2343,8872,24750283,./csim 2048 16 16 write-allocate write-through fifo < gcc.trace
4096,16,16,write-allocate,write-through,fifo,2343,8872,24750283,./csim 4096 16 16 write-allocate write-through fifo < gcc.trace
512,32,16,write-allocate,write-through,fifo,2344,8872,24750683,./csim 512 32 16 write-allocate write-through fifo < gcc.trace
1024,16,16,write-allocate,write-through,lru,2343,8873,24750683,./csim 1024 16 16 write-allocate write-through lru < gcc.trace
4096,8,16,write-allocate,write-through,fifo,2343,8873,24750683,./csim 4096 8 16 write-allocate write-through fifo < gcc.trace
4096,8,16,write-allocate,write-through,lru,2343,8873,24750683,./csim 4096 8 16 write-allocate write-through lru < gcc.trace
1024,16,16,write-allocate,write-through,fifo,2345,8873,24751483,./csim 1024 16 16 write-allocate write-through fifo < gcc.trace
2048,8,16,write-allocate,write-through,lru,2343,8875,24751483,./csim 2048 8 16 write-allocate write-through lru < gcc.trace
2048,8,16,write-allocate,write-through,fifo,2349,8875,24753883,./csim 2048 8 16 write-allocate write-through fifo < gcc.trace
128,16,8,write-allocate,write-through,lru,4691,17787,24759883,./csim 128 16 8 write-allocate write-through lru < gcc.trace
4096,4,16,write-allocate,write-through,lru,2362,8878,24760283,./csim 4096 4 16 write-allocate write-through lru < gcc.trace
256,8,8,write-allocate,write-through,lru,4713,17777,24762283,./csim 256 8 8 write-allocate write-through lru < gcc.trace
512,1,8,no-write-allocate,write-through,fifo,22703,41084,24763799,./csim 512 1 8 no-write-allocate write-through fifo < gcc.trace
512,1,8,no-write-allocate,write-through,lru,22703,41084,24763799,./csim 512 1 8 no-write-allocate write-through lru < gcc.trace
4096,4,16,write-allocate,write-through,fifo,2386,8880,24770683,./csim 4096 4 16 write-allocate write-through fifo < gcc.trace
1024,4,8,write-allocate,write-through,fifo,4781,17760,24772483,./csim 1024 4 8 write-allocate write-through fifo < gcc.trace
512,4,8,write-allocate,write-through,lru,4807,17828,24791283,./csim 512 4 8 write-allocate write-through lru < gcc.trace
512,16,16,write-allocate,write-through,lru,2439,8883,24793083,./csim 512 16 16 write-allocate write-through lru < gcc.trace
1024,8,16,write-allocate,write-through,lru,2442,8883,24794283,./csim 1024 8 16 write-allocate write-through lru < gcc.trace
2048,2,8,write-allocate,write-through,fifo,4878,17785,24796883,./csim 2048 2 8 write-allocate write-through fifo < gcc.trace
2048,4,16,write-allocate,write-through,lru,2482,8891,24813483,./csim 2048 4 16 write-allocate write-through lru < gcc.trace
128,2,8,no-write-allocate,write-through,fifo,23017,43920,24823763,./csim 128 2 8 no-write-allocate write-through fifo < gcc.trace
128,4,4,write-allocate,write-through,fifo,14281,31381,24830483,./csim 128 4 4 write-allocate write-through fifo < gcc.trace
4096,2,16,write-allocate,write-through,lru,2572,8915,24859083,./csim 4096 2 16 write-allocate write-through lru < gcc.trace
1024,8,16,write-allocate,write-through,fifo,2570,8920,24860283,./csim 1024 8 16 write-allocate write-through fifo < gcc.trace
512,16,16,write-allocate,write-through,fifo,2567,8924,24860683,./csim 512 16 16 write-allocate write-through fifo < gcc.trace
2048,4,16,write-allocate,write-through,fifo,2603,8919,24873083,./csim 2048 4 16 write-allocate write-through fifo < gcc.trace
1024,2,8,write-allocate,write-through,lru,5108,17985,24882883,./csim 1024 2 8 write-allocate write-through lru < gcc.trace
256,16,16,write-allocate,write-through,lru,2649,8921,24892283,./csim 256 16 16 write-allocate write-through lru < gcc.trace
512,8,16,write-allocate,write-through,lru,2660,8923,24897483,./csim 512 8 16 write-allocate write-through lru < gcc.trace
4096,2,16,write-allocate,write-through,fifo,2666,8934,24904283,./csim 4096 2 16 write-allocate write-through fifo < gcc.trace
1024,4,16,write-allocate,write-through,lru,2692,8925,24911083,./csim 1024 4 16 write-allocate write-through lru < gcc.trace
2048,2,16,write-allocate,write-through,lru,2763,8948,24948683,./csim 2048 2 16 write-allocate write-through lru < gcc.trace
128,8,8,write-allocate,write-through,lru,5447,18067,24967083,./csim 128 8 8 write-allocate write-through lru < gcc.trace
128,16,8,write-allocate,write-through,fifo,5415,18123,24971883,./csim 128 16 8 write-allocate write-through fifo < gcc.trace
256,8,8,write-allocate,write-through,fifo,5468,18117,24981283,./csim 256 8 8 write-allocate write-through fifo < gcc.trace
256,16,16,write-allocate,write-through,fifo,2815,8978,24981483,./csim 256 16 16 write-allocate write-through fifo < gcc.trace
512,8,16,write-allocate,write-through,fifo,2843,8979,24993083,./csim 512 8 16 write-allocate write-through fifo < gcc.trace
512,4,8,write-allocate,write-through,fifo,5535,18159,25003083,./csim 512 4 8 write-allocate write-through fifo < gcc.trace
1024,4,16,write-allocate,write-through,fifo,2863,8987,25004283,./csim 1024 4 16 write-allocate write-through fifo < gcc.trace
256,4,8,write-allocate,write-through,lru,5611,18112,25008883,./csim 256 4 8 write-allocate write-through lru < gcc.trace
64,2,4,no-write-allocate,write-through,fifo,47998,52728,25011355,./csim 64 2 4 no-write-allocate write-through fifo < gcc.trace
256,8,16,write-allocate,write-through,lru,2936,8973,25027883,./csim 256 8 16 write-allocate write-through lru < gcc.trace
1024,1,32,no-write-allocate,write-through,fifo,6000,29255,25035028,./csim 1024 1 32 no-write-allocate write-through fifo < gcc.trace
1024,1,32,no-write-allocate,write-through,lru,6000,29255,25035028,./csim 1024 1 32 no-write-allocate write-through lru < gcc.trace
2048,2,16,write-allocate,write-through,fifo,2927,9001,25035483,./csim 2048 2 16 write-allocate write-through fifo < gcc.trace
128,2,16,no-write-allocate,write-through,lru,12023,34701,25038782,./csim 128 2 16 no-write-allocate write-through lru < gcc.trace
4096,1,8,write-allocate,write-through,fifo,5827,18102,25050083,./csim 4096 1 8 write-allocate write-through fifo < gcc.trace
4096,1,8,write-allocate,write-through,lru,5827,18102,25050083,./csim 4096 1 8 write-allocate write-through lru < gcc.trace
512,4,16,write-allocate,write-through,lru,2986,9018,25065883,./csim 512 4 16 write-allocate write-through lru < gcc.trace
1024,2,8,write-allocate,write-through,fifo,5744,18304,25073883,./csim 1024 2 8 write-allocate write-through fifo < gcc.trace
1024,32,32,write-allocate,write-through,fifo,1503,4531,25091483,./csim 1024 32 32 write-allocate write-through fifo < gcc.trace
1024,32,32,write-allocate,write-through,lru,1503,4531,25091483,./csim 1024 32 32 write-allocate write-through lru < gcc.trace
2048,32,32,write-allocate,write-through,fifo,1503,4531,25091483,./csim 2048 32 32 write-allocate write-through fifo < gcc.trace
2048,32,32,write-allocate,write-through,lru,1503,4531,25091483,./csim 2048 32 32 write-allocate write-through lru < gcc.trace
2048,64,32,write-allocate,write-through,fifo,1503,4531,25091483,./csim 2048 64 32 write-allocate write-through fifo < gcc.trace
2048,64,32,write-allocate,write-through,lru,1503,4531,25091483,./csim 2048 64 32 write-allocate write-through lru < gcc.trace
4096,16,32,write-allocate,write-through,lru,1503,4531,25091483,./csim 4096 16 32 write-allocate write-through lru < gcc.trace
4096,32,32,write-allocate,write-through,fifo,1503,4531,25091483,./csim 4096 32 32 write-allocate write-through fifo < gcc.trace
4096,32,32,write-allocate,write-through,lru,1503,4531,25091483,./csim 4096 32 32 write-allocate write-through lru < gcc.trace
4096,64,32,write-allocate,write-through,fifo,1503,4531,25091483,./csim 4096 64 32 write-allocate write-through fifo < gcc.trace
4096,64,32,write-allocate,write-through,lru,1503,4531,25091483,./csim 4096 64 32 write-allocate write-through lru < gcc.trace
4096,128,32,write-allocate,write-through,fifo,1503,4531,25091483,./csim 4096 128 32 write-allocate write-through fifo < gcc.trace
4096,128,32,write-allocate,write-through,lru,1503,4531,25091483,./csim 4096 128 32 write-allocate write-through lru < gcc.trace
2048,16,32,write-allocate,write-through,lru,1504,4531,25092283,./csim 2048 16 32 write-allocate write-through lru < gcc.trace
4096,16,32,write-allocate,write-through,fifo,1504,4532,25093083,./csim 4096 16 32 write-allocate write-through fifo < gcc.trace
1024,16,32,write-allocate,write-through,lru,1505,4532,25093883,./csim 1024 16 32 write-allocate write-through lru < gcc.trace
1024,16,32,write-allocate,write-through,fifo,1506,4533,25095483,./csim 1024 16 32 write-allocate write-through fifo < gcc.trace
2048,8,32,write-allocate,write-through,lru,1505,4534,25095483,./csim 2048 8 32 write-allocate write-through lru < gcc.trace
2048,16,32,write-allocate,write-through,fifo,1506,4533,25095483,./csim 2048 16 32 write-allocate write-through fifo < gcc.trace
4096,8,32,write-allocate,write-through,lru,1505,4534,25095483,./csim 4096 8 32 write-allocate write-through lru < gcc.trace
512,16,32,write-allocate,write-through,lru,1507,4534,25097083,./csim 512 16 32 write-allocate write-through lru < gcc.trace
4096,4,32,write-allocate,write-through,lru,1507,4534,25097083,./csim 4096 4 32 write-allocate write-through lru < gcc.trace
4096,8,32,write-allocate,write-through,fifo,1507,4534,25097083,./csim 4096 8 32 write-allocate write-through fifo < gcc.trace
2048,8,32,write-allocate,write-through,fifo,1508,4534,25097883,./csim 2048 8 32 write-allocate write-through fifo < gcc.trace
1024,8,32,write-allocate,write-through,lru,1506,4537,25098683,./csim 1024 8 32 write-allocate write-through lru < gcc.trace
256,2,4,write-allocate,write-through,lru,17108,31254,25100483,./csim 256 2 4 write-allocate write-through lru < gcc.trace
512,16,32,write-allocate,write-through,fifo,1511,4535,25101083,./csim 512 16 32 write-allocate write-through fifo < gcc.trace
4096,4,32,write-allocate,write-through,fifo,1512,4535,25101883,./csim 4096 4 32 write-allocate write-through fifo < gcc.trace
1024,8,32,write-allocate,write-through,fifo,1511,4538,25103483,./csim 1024 8 32 write-allocate write-through fifo < gcc.trace
2048,4,32,write-allocate,write-through,lru,1521,4538,25111483,./csim 2048 4 32 write-allocate write-through lru < gcc.trace
1024,2,16,write-allocate,write-through,lru,3092,9045,25119083,./csim 1024 2 16 write-allocate write-through lru < gcc.trace
4096,2,32,write-allocate,write-through,lru,1535,4544,25127483,./csim 4096 2 32 write-allocate write-through lru < gcc.trace
2048,4,32,write-allocate,write-through,fifo,1550,4542,25137883,./csim 2048 4 32 write-allocate write-through fifo < gcc.trace
4096,2,32,write-allocate,write-through,fifo,1562,4549,25153083,./csim 4096 2 32 write-allocate write-through fifo < gcc.trace
512,8,32,write-allocate,write-through,lru,1602,4547,25183483,./csim 512 8 32 write-allocate write-through lru < gcc.trace
256,8,16,write-allocate,write-through,fifo,3269,9069,25199483,./csim 256 8 16 write-allocate write-through fifo < gcc.trace
1024,4,32,write-allocate,write-through,lru,1626,4551,25205883,./csim 1024 4 32 write-allocate write-through lru < gcc.trace
512,2,8,write-allocate,write-through,lru,6302,18411,25206883,./csim 512 2 8 write-allocate write-through lru < gcc.trace
32,8,4,write-allocate,write-through,lru,16994,32441,25207783,./csim 32 8 4 write-allocate write-through lru < gcc.trace
512,4,16,write-allocate,write-through,fifo,3321,9120,25240683,./csim 512 4 16 write-allocate write-through fifo < gcc.trace
128,8,16,write-allocate,write-through,lru,3289,9208,25263083,./csim 128 8 16 write-allocate write-through lru < gcc.trace
2048,2,32,write-allocate,write-through,lru,1693,4576,25279483,./csim 2048 2 32 write-allocate write-through lru < gcc.trace
1024,2,16,write-allocate,write-through,fifo,3419,9139,25287483,./csim 1024 2 16 write-allocate write-through fifo < gcc.trace
512,8,32,write-allocate,write-through,fifo,1709,4573,25289883,./csim 512 8 32 write-allocate write-through fifo < gcc.trace
1024,4,32,write-allocate,write-through,fifo,1731,4570,25305083,./csim 1024 4 32 write-allocate write-through fifo < gcc.trace
4096,1,16,write-allocate,write-through,fifo,3550,9060,25308283,./csim 4096 1 16 write-allocate write-through fifo < gcc.trace
4096,1,16,write-allocate,write-through,lru,3550,9060,25308283,./csim 4096 1 16 write-allocate write-through lru < gcc.trace
256,4,16,write-allocate,write-through,lru,3399,9236,25318283,./csim 256 4 16 write-allocate write-through lru < gcc.trace
32,4,8,no-write-allocate,write-through,fifo,25532,45915,25324768,./csim 32 4 8 no-write-allocate write-through fifo < gcc.trace
128,8,8,write-allocate,write-through,fifo,6673,18636,25326083,./csim 128 8 8 write-allocate write-through fifo < gcc.trace
32,2,8,write-allocate,write-back,fifo,48112,32284,25328483,./csim 32 2 8 write-allocate write-back fifo < gcc.trace
256,8,32,write-allocate,write-through,lru,1762,4581,25338683,./csim 256 8 32 write-allocate write-through lru < gcc.trace
64,4,4,write-allocate,write-through,lru,18096,32688,25342683,./csim 64 4 4 write-allocate write-through lru < gcc.trace
256,4,8,write-allocate,write-through,fifo,6788,18674,25356683,./csim 256 4 8 write-allocate write-through fifo < gcc.trace
2048,2,32,write-allocate,write-through,fifo,1782,4587,25359483,./csim 2048 2 32 write-allocate write-through fifo < gcc.trace
512,4,32,write-allocate,write-through,lru,1794,4582,25365083,./csim 512 4 32 write-allocate write-through lru < gcc.trace
1024,1,4,write-allocate,write-through,fifo,19511,31612,25376583,./csim 1024 1 4 write-allocate write-through fifo < gcc.trace
1024,1,4,write-allocate,write-through,lru,19511,31612,25376583,./csim 1024 1 4 write-allocate write-through lru < gcc.trace
256,2,4,write-allocate,write-through,fifo,19404,32304,25435083,./csim 256 2 4 write-allocate write-through fifo < gcc.trace
512,1,16,no-write-allocate,write-through,fifo,13025,36689,25437594,./csim 512 1 16 no-write-allocate write-through fifo < gcc.trace
512,1,16,no-write-allocate,write-through,lru,13025,36689,25437594,./csim 512 1 16 no-write-allocate write-through lru < gcc.trace
64,8,8,write-allocate,write-through,lru,7131,18740,25438483,./csim 64 8 8 write-allocate write-through lru < gcc.trace
1024,2,32,write-allocate,write-through,lru,1864,4608,25441883,./csim 1024 2 32 write-allocate write-through lru < gcc.trace
2048,1,8,write-allocate,write-through,fifo,7290,18758,25473883,./csim 2048 1 8 write-allocate write-through fifo < gcc.trace
2048,1,8,write-allocate,write-through,lru,7290,18758,25473883,./csim 2048 1 8 write-allocate write-through lru < gcc.trace
128,4,8,write-allocate,write-through,lru,7302,18801,25484883,./csim 128 4 8 write-allocate write-through lru < gcc.trace
512,2,8,write-allocate,write-through,fifo,7269,18920,25502083,./csim 512 2 8 write-allocate write-through fifo < gcc.trace
256,8,32,write-allocate,write-through,fifo,1937,4614,25505083,./csim 256 8 32 write-allocate write-through fifo < gcc.trace
512,2,16,write-allocate,write-through,lru,3744,9362,25506683,./csim 512 2 16 write-allocate write-through lru < gcc.trace
512,4,32,write-allocate,write-through,fifo,1957,4620,25525883,./csim 512 4 32 write-allocate write-through fifo < gcc.trace
1024,2,32,write-allocate,write-through,fifo,2017,4645,25593883,./csim 1024 2 32 write-allocate write-through fifo < gcc.trace
128,8,16,write-allocate,write-through,fifo,3948,9396,25601883,./csim 128 8 16 write-allocate write-through fifo < gcc.trace
256,4,16,write-allocate,write-through,fifo,4026,9439,25650283,./csim 256 4 16 write-allocate write-through fifo < gcc.trace
256,4,32,write-allocate,write-through,lru,2071,4663,25651483,./csim 256 4 32 write-allocate write-through lru < gcc.trace
256,1,4,no-write-allocate,write-through,fifo,54753,55088,25684495,./csim 256 1 4 no-write-allocate write-through fifo < gcc.trace
256,1,4,no-write-allocate,write-through,lru,54753,55088,25684495,./csim 256 1 4 no-write-allocate write-through lru < gcc.trace
128,2,32,no-write-allocate,write-through,lru,6831,29168,25699915,./csim 128 2 32 no-write-allocate write-through lru < gcc.trace
128,4,16,write-allocate,write-through,lru,4190,9471,25728683,./csim 128 4 16 write-allocate write-through lru < gcc.trace
128,2,16,no-write-allocate,write-through,fifo,13764,37325,25732558,./csim 128 2 16 no-write-allocate write-through fifo < gcc.trace
512,2,32,write-allocate,write-through,lru,2201,4700,25785083,./csim 512 2 32 write-allocate write-through lru < gcc.trace
512,2,16,write-allocate,write-through,fifo,4254,9551,25786283,./csim 512 2 16 write-allocate write-through fifo < gcc.trace
4096,1,32,write-allocate,write-through,fifo,2259,4648,25789883,./csim 4096 1 32 write-allocate write-through fifo < gcc.trace
4096,1,32,write-allocate,write-through,lru,2259,4648,25789883,./csim 4096 1 32 write-allocate write-through lru < gcc.trace
2048,1,16,write-allocate,write-through,fifo,4535,9443,25855483,./csim 2048 1 16 write-allocate write-through fifo < gcc.trace
2048,1,16,write-allocate,write-through,lru,4535,9443,25855483,./csim 2048 1 16 write-allocate write-through lru < gcc.trace
256,2,8,write-allocate,write-through,lru,8885,19251,25891483,./csim 256 2 8 write-allocate write-through lru < gcc.trace
256,4,32,write-allocate,write-through,fifo,2386,4731,25957883,./csim 256 4 32 write-allocate write-through fifo < gcc.trace
32,8,4,write-allocate,write-through,fifo,22732,34715,26008983,./csim 32 8 4 write-allocate write-through fifo < gcc.trace
64,8,8,write-allocate,write-through,fifo,9173,19667,26032283,./csim 64 8 8 write-allocate write-through fifo < gcc.trace
64,4,4,write-allocate,write-through,fifo,23041,34711,26039483,./csim 64 4 4 write-allocate write-through fifo < gcc.trace
512,2,32,write-allocate,write-through,fifo,2489,4748,26053883,./csim 512 2 32 write-allocate write-through fifo < gcc.trace
128,4,8,write-allocate,write-through,fifo,9442,19803,26113283,./csim 128 4 8 write-allocate write-through fifo < gcc.trace
128,4,32,write-allocate,write-through,lru,2508,4849,26149883,./csim 128 4 32 write-allocate write-through lru < gcc.trace
512,1,32,no-write-allocate,write-through,fifo,7418,30494,26168189,./csim 512 1 32 no-write-allocate write-through fifo < gcc.trace
512,1,32,no-write-allocate,write-through,lru,7418,30494,26168189,./csim 512 1 32 no-write-allocate write-through lru < gcc.trace
256,2,16,write-allocate,write-through,lru,5138,9707,26202283,./csim 256 2 16 write-allocate write-through lru < gcc.trace
128,2,32,no-write-allocate,write-through,fifo,7533,30200,26260483,./csim 128 2 32 no-write-allocate write-through fifo < gcc.trace
128,4,16,write-allocate,write-through,fifo,5228,9802,26276283,./csim 128 4 16 write-allocate write-through fifo < gcc.trace
2048,1,32,write-allocate,write-through,fifo,2816,4711,26285883,./csim 2048 1 32 write-allocate write-through fifo < gcc.trace
2048,1,32,write-allocate,write-through,lru,2816,4711,26285883,./csim 2048 1 32 write-allocate write-through lru < gcc.trace
64,2,8,no-write-allocate,write-through,lru,30357,44885,26290798,./csim 64 2 8 no-write-allocate write-through lru < gcc.trace
128,2,4,write-allocate,write-through,lru,26436,34111,26318983,./csim 128 2 4 write-allocate write-through lru < gcc.trace
256,2,8,write-allocate,write-through,fifo,10327,20043,26338283,./csim 256 2 8 write-allocate write-through fifo < gcc.trace
64,4,8,write-allocate,write-through,lru,10454,19981,26351283,./csim 64 4 8 write-allocate write-through lru < gcc.trace
256,2,32,write-allocate,write-through,lru,2932,4976,26590683,./csim 256 2 32 write-allocate write-through lru < gcc.trace
1024,1,8,write-allocate,write-through,fifo,11444,20262,26605483,./csim 1024 1 8 write-allocate write-through fifo < gcc.trace
1024,1,8,write-allocate,write-through,lru,11444,20262,26605483,./csim 1024 1 8 write-allocate write-through lru < gcc.trace
256,2,16,write-allocate,write-through,fifo,5899,10003,26625083,./csim 256 2 16 write-allocate write-through fifo < gcc.trace
1024,1,16,write-allocate,write-through,fifo,5959,9984,26641483,./csim 1024 1 16 write-allocate write-through fifo < gcc.trace
1024,1,16,write-allocate,write-through,lru,5959,9984,26641483,./csim 1024 1 16 write-allocate write-through lru < gcc.trace
64,4,16,write-allocate,write-through,lru,6098,9960,26687483,./csim 64 4 16 write-allocate write-through lru < gcc.trace
128,4,32,write-allocate,write-through,fifo,3096,4975,26721083,./csim 128 4 32 write-allocate write-through fifo < gcc.trace
128,2,4,write-allocate,write-through,fifo,30079,35445,26816683,./csim 128 2 4 write-allocate write-through fifo < gcc.trace
64,2,8,no-write-allocate,write-through,fifo,33500,47036,26917247,./csim 64 2 8 no-write-allocate write-through fifo < gcc.trace
256,2,32,write-allocate,write-through,fifo,3385,5080,27036283,./csim 256 2 32 write-allocate write-through fifo < gcc.trace
128,1,4,no-write-allocate,write-through,fifo,68680,58485,27073798,./csim 128 1 4 no-write-allocate write-through fifo < gcc.trace
128,1,4,no-write-allocate,write-through,lru,68680,58485,27073798,./csim 128 1 4 no-write-allocate write-through lru < gcc.trace
64,4,8,write-allocate,write-through,fifo,14040,21470,27366283,./csim 64 4 8 write-allocate write-through fifo < gcc.trace
1024,1,32,write-allocate,write-through,fifo,3943,5007,27424283,./csim 1024 1 32 write-allocate write-through fifo < gcc.trace
1024,1,32,write-allocate,write-through,lru,3943,5007,27424283,./csim 1024 1 32 write-allocate write-through lru < gcc.trace
32,4,4,write-allocate,write-through,lru,34549,38729,27592083,./csim 32 4 4 write-allocate write-through lru < gcc.trace
64,4,16,write-allocate,write-through,fifo,8061,10575,27718683,./csim 64 4 16 write-allocate write-through fifo < gcc.trace
512,1,4,write-allocate,write-through,fifo,37121,37846,27760983,./csim 512 1 4 write-allocate write-through fifo < gcc.trace
512,1,4,write-allocate,write-through,lru,37121,37846,27760983,./csim 512 1 4 write-allocate write-through lru < gcc.trace
16,4,4,no-write-allocate,write-through,lru,77849,61766,27987417,./csim 16 4 4 no-write-allocate write-through lru < gcc.trace
256,1,8,no-write-allocate,write-through,fifo,38880,47871,27992412,./csim 256 1 8 no-write-allocate write-through fifo < gcc.trace
256,1,8,no-write-allocate,write-through,lru,38880,47871,27992412,./csim 256 1 8 no-write-allocate write-through lru < gcc.trace
128,2,16,write-allocate,write-through,lru,9160,10387,28083083,./csim 128 2 16 write-allocate write-through lru < gcc.trace
32,2,16,write-allocate,write-back,lru,32115,14757,28139683,./csim 32 2 16 write-allocate write-back lru < gcc.trace
128,2,8,write-allocate,write-through,lru,18005,21427,28150683,./csim 128 2 8 write-allocate write-through lru < gcc.trace
64,2,4,write-allocate,write-through,lru,41439,39470,28355183,./csim 64 2 4 write-allocate write-through lru < gcc.trace
128,1,8,write-allocate,write-back,fifo,57706,34289,28399683,./csim 128 1 8 write-allocate write-back fifo < gcc.trace
128,1,8,write-allocate,write-back,lru,57706,34289,28399683,./csim 128 1 8 write-allocate write-back lru < gcc.trace
512,1,8,write-allocate,write-through,fifo,19411,21685,28483483,./csim 512 1 8 write-allocate write-through fifo < gcc.trace
512,1,8,write-allocate,write-through,lru,19411,21685,28483483,./csim 512 1 8 write-allocate write-through lru < gcc.trace
128,2,32,write-allocate,write-through,lru,4978,5305,28490683,./csim 128 2 32 write-allocate write-through lru < gcc.trace
32,4,4,write-allocate,write-through,fifo,40743,41848,28523383,./csim 32 4 4 write-allocate write-through fifo < gcc.trace
32,4,8,write-allocate,write-through,lru,18651,22792,28552883,./csim 32 4 8 write-allocate write-through lru < gcc.trace
128,2,8,write-allocate,write-through,fifo,20089,22563,28794683,./csim 128 2 8 write-allocate write-through fifo < gcc.trace
512,1,16,write-allocate,write-through,fifo,10179,11280,28847883,./csim 512 1 16 write-allocate write-through fifo < gcc.trace
512,1,16,write-allocate,write-through,lru,10179,11280,28847883,./csim 512 1 16 write-allocate write-through lru < gcc.trace
128,2,16,write-allocate,write-through,fifo,10911,10849,28968283,./csim 128 2 16 write-allocate write-through fifo < gcc.trace
256,1,16,no-write-allocate,write-through,fifo,21946,38592,29004091,./csim 256 1 16 no-write-allocate write-through fifo < gcc.trace
256,1,16,no-write-allocate,write-through,lru,21946,38592,29004091,./csim 256 1 16 no-write-allocate write-through lru < gcc.trace
64,2,4,write-allocate,write-through,fifo,45733,41712,29008783,./csim 64 2 4 write-allocate write-through fifo < gcc.trace
512,1,32,write-allocate,write-through,fifo,5482,5514,29061083,./csim 512 1 32 write-allocate write-through fifo < gcc.trace
512,1,32,write-allocate,write-through,lru,5482,5514,29061083,./csim 512 1 32 write-allocate write-through lru < gcc.trace
32,2,4,no-write-allocate,write-through,lru,88736,66017,29071866,./csim 32 2 4 no-write-allocate write-through lru < gcc.trace
128,2,32,write-allocate,write-through,fifo,5636,5487,29162683,./csim 128 2 32 write-allocate write-through fifo < gcc.trace
16,4,4,no-write-allocate,write-through,fifo,91582,69048,29353435,./csim 16 4 4 no-write-allocate write-through fifo < gcc.trace
32,2,8,no-write-allocate,write-through,lru,46291,50133,29472350,./csim 32 2 8 no-write-allocate write-through lru < gcc.trace
64,2,16,no-write-allocate,write-through,lru,23788,39138,29740345,./csim 64 2 16 no-write-allocate write-through lru < gcc.trace
64,1,4,no-write-allocate,write-through,fifo,97081,66889,29905494,./csim 64 1 4 no-write-allocate write-through fifo < gcc.trace
64,1,4,no-write-allocate,write-through,lru,97081,66889,29905494,./csim 64 1 4 no-write-allocate write-through lru < gcc.trace
32,2,4,no-write-allocate,write-through,fifo,97242,69445,29919038,./csim 32 2 4 no-write-allocate write-through fifo < gcc.trace
32,4,8,write-allocate,write-through,fifo,23679,24879,29975883,./csim 32 4 8 write-allocate write-through fifo < gcc.trace
64,2,32,no-write-allocate,write-through,lru,12263,30713,30043970,./csim 64 2 32 no-write-allocate write-through lru < gcc.trace
256,1,4,write-allocate,write-through,fifo,54510,43875,30102783,./csim 256 1 4 write-allocate write-through fifo < gcc.trace
256,1,4,write-allocate,write-through,lru,54510,43875,30102783,./csim 256 1 4 write-allocate write-through lru < gcc.trace
256,1,32,no-write-allocate,write-through,fifo,12568,33151,30285532,./csim 256 1 32 no-write-allocate write-through fifo < gcc.trace
256,1,32,no-write-allocate,write-through,lru,12568,33151,30285532,./csim 256 1 32 no-write-allocate write-through lru < gcc.trace
32,2,8,no-write-allocate,write-through,fifo,50860,52521,30383762,./csim 32 2 8 no-write-allocate write-through fifo < gcc.trace
32,2,16,write-allocate,write-back,fifo,34524,15766,30462083,./csim 32 2 16 write-allocate write-back fifo < gcc.trace
64,2,8,write-allocate,write-through,lru,27962,24311,30718883,./csim 64 2 8 write-allocate write-through lru < gcc.trace
64,2,16,no-write-allocate,write-through,fifo,26386,40910,30777773,./csim 64 2 16 no-write-allocate write-through fifo < gcc.trace
64,2,32,no-write-allocate,write-through,fifo,13769,33431,31246052,./csim 64 2 32 no-write-allocate write-through fifo < gcc.trace
64,2,8,write-allocate,write-through,fifo,31402,25765,31697683,./csim 64 2 8 write-allocate write-through fifo < gcc.trace
128,1,32,write-allocate,write-back,fifo,18717,7869,31817283,./csim 128 1 32 write-allocate write-back fifo < gcc.trace
128,1,32,write-allocate,write-back,lru,18717,7869,31817283,./csim 128 1 32 write-allocate write-back lru < gcc.trace
128,1,8,no-write-allocate,write-through,fifo,58083,54743,31826140,./csim 128 1 8 no-write-allocate write-through fifo < gcc.trace
128,1,8,no-write-allocate,write-through,lru,58083,54743,31826140,./csim 128 1 8 no-write-allocate write-through lru < gcc.trace
128,1,4,write-allocate,write-through,fifo,69456,48145,32024383,./csim 128 1 4 write-allocate write-through fifo < gcc.trace
128,1,4,write-allocate,write-through,lru,69456,48145,32024383,./csim 128 1 4 write-allocate write-through lru < gcc.trace
16,4,4,write-allocate,write-through,lru,73165,52231,32803883,./csim 16 4 4 write-allocate write-through lru < gcc.trace
256,1,16,write-allocate,write-through,fifo,19334,12284,32911483,./csim 256 1 16 write-allocate write-through fifo < gcc.trace
256,1,16,write-allocate,write-through,lru,19334,12284,32911483,./csim 256 1 16 write-allocate write-through lru < gcc.trace
128,1,16,write-allocate,write-back,fifo,38295,17988,33377283,./csim 128 1 16 write-allocate write-back fifo < gcc.trace
128,1,16,write-allocate,write-back,lru,38295,17988,33377283,./csim 128 1 16 write-allocate write-back lru < gcc.trace
256,1,8,write-allocate,write-through,fifo,37585,28052,33391683,./csim 256 1 8 write-allocate write-through fifo < gcc.trace
256,1,8,write-allocate,write-through,lru,37585,28052,33391683,./csim 256 1 8 write-allocate write-through lru < gcc.trace
64,2,32,write-allocate,write-through,lru,10472,6046,33478683,./csim 64 2 32 write-allocate write-through lru < gcc.trace
64,2,16,write-allocate,write-through,lru,21036,12335,33612683,./csim 64 2 16 write-allocate write-through lru < gcc.trace
64,1,8,write-allocate,write-back,fifo,73223,38834,33959283,./csim 64 1 8 write-allocate write-back fifo < gcc.trace
64,1,8,write-allocate,write-back,lru,73223,38834,33959283,./csim 64 1 8 write-allocate write-back lru < gcc.trace
32,2,16,no-write-allocate,write-through,lru,34561,42779,34045904,./csim 32 2 16 no-write-allocate write-through lru < gcc.trace
32,2,4,write-allocate,write-through,lru,82693,55485,34082083,./csim 32 2 4 write-allocate write-through lru < gcc.trace
256,1,32,write-allocate,write-through,fifo,10841,6940,34489083,./csim 256 1 32 write-allocate write-through fifo < gcc.trace
256,1,32,write-allocate,write-through,lru,10841,6940,34489083,./csim 256 1 32 write-allocate write-through lru < gcc.trace
16,4,4,write-allocate,write-through,fifo,82582,62039,34726383,./csim 16 4 4 write-allocate write-through fifo < gcc.trace
64,1,8,no-write-allocate,write-through,fifo,72973,58526,34800357,./csim 64 1 8 no-write-allocate write-through fifo < gcc.trace
64,1,8,no-write-allocate,write-through,lru,72973,58526,34800357,./csim 64 1 8 no-write-allocate write-through lru < gcc.trace
64,2,16,write-allocate,write-through,fifo,23558,13127,34938283,./csim 64 2 16 write-allocate write-through fifo < gcc.trace
64,2,32,write-allocate,write-through,fifo,12085,6359,35019483,./csim 64 2 32 write-allocate write-through fifo < gcc.trace
32,2,8,write-allocate,write-through,lru,43839,29940,35020083,./csim 32 2 8 write-allocate write-through lru < gcc.trace
32,2,4,write-allocate,write-through,fifo,86874,60971,35048783,./csim 32 2 4 write-allocate write-through fifo < gcc.trace
32,2,16,no-write-allocate,write-through,fifo,37204,44809,35101074,./csim 32 2 16 no-write-allocate write-through fifo < gcc.trace
64,1,4,write-allocate,write-through,fifo,96666,57592,35690083,./csim 64 1 4 write-allocate write-through fifo < gcc.trace
64,1,4,write-allocate,write-through,lru,96666,57592,35690083,./csim 64 1 4 write-allocate write-through lru < gcc.trace
128,1,16,no-write-allocate,write-through,fifo,39374,49501,35964382,./csim 128 1 16 no-write-allocate write-through fifo < gcc.trace
128,1,16,no-write-allocate,write-through,lru,39374,49501,35964382,./csim 128 1 16 no-write-allocate write-through lru < gcc.trace
32,2,8,write-allocate,write-through,fifo,48112,32284,36343483,./csim 32 2 8 write-allocate write-through fifo < gcc.trace
128,1,32,no-write-allocate,write-through,fifo,20394,35291,36544192,./csim 128 1 32 no-write-allocate write-through fifo < gcc.trace
128,1,32,no-write-allocate,write-through,lru,20394,35291,36544192,./csim 128 1 32 no-write-allocate write-through lru < gcc.trace
16,2,4,no-write-allocate,write-through,lru,164393,95826,36607757,./csim 16 2 4 no-write-allocate write-through lru < gcc.trace
32,1,4,no-write-allocate,write-through,fifo,167230,96783,36890500,./csim 32 1 4 no-write-allocate write-through fifo < gcc.trace
32,1,4,no-write-allocate,write-through,lru,167230,96783,36890500,./csim 32 1 4 no-write-allocate write-through lru < gcc.trace
16,2,4,no-write-allocate,write-through,fifo,172042,98004,37370479,./csim 16 2 4 no-write-allocate write-through fifo < gcc.trace
16,2,4,write-allocate,write-back,lru,147996,94869,37968783,./csim 16 2 4 write-allocate write-back lru < gcc.trace
32,1,4,write-allocate,write-back,fifo,153440,96800,38512583,./csim 32 1 4 write-allocate write-back fifo < gcc.trace
32,1,4,write-allocate,write-back,lru,153440,96800,38512583,./csim 32 1 4 write-allocate write-back lru < gcc.trace
128,1,8,write-allocate,write-through,fifo,57706,34289,38663283,./csim 128 1 8 write-allocate write-through fifo < gcc.trace
128,1,8,write-allocate,write-through,lru,57706,34289,38663283,./csim 128 1 8 write-allocate write-through lru < gcc.trace
32,2,16,write-allocate,write-through,lru,32115,14757,39013083,./csim 32 2 16 write-allocate write-through lru < gcc.trace
16,2,4,write-allocate,write-back,fifo,152236,97260,39173883,./csim 16 2 4 write-allocate write-back fifo < gcc.trace
16,2,8,no-write-allocate,write-through,lru,95743,66641,39346242,./csim 16 2 8 no-write-allocate write-through lru < gcc.trace
32,2,16,write-allocate,write-through,fifo,34524,15766,40380283,./csim 32 2 16 write-allocate write-through fifo < gcc.trace
32,1,8,no-write-allocate,write-through,fifo,104055,67869,41007414,./csim 32 1 8 no-write-allocate write-through fifo < gcc.trace
32,1,8,no-write-allocate,write-through,lru,104055,67869,41007414,./csim 32 1 8 no-write-allocate write-through lru < gcc.trace
16,2,8,write-allocate,write-back,lru,89340,46675,41018283,./csim 16 2 8 write-allocate write-back lru < gcc.trace
16,2,8,no-write-allocate,write-through,fifo,104170,70307,41027976,./csim 16 2 8 no-write-allocate write-through fifo < gcc.trace
128,1,32,write-allocate,write-through,fifo,18717,7869,41533083,./csim 128 1 32 write-allocate write-through fifo < gcc.trace
128,1,32,write-allocate,write-through,lru,18717,7869,41533083,./csim 128 1 32 write-allocate write-through lru < gcc.trace
64,1,8,write-allocate,write-through,fifo,73223,38834,42675683,./csim 64 1 8 write-allocate write-through fifo < gcc.trace
64,1,8,write-allocate,write-through,lru,73223,38834,42675683,./csim 64 1 8 write-allocate write-through lru < gcc.trace
128,1,16,write-allocate,write-through,fifo,38295,17988,42777483,./csim 128 1 16 write-allocate write-through fifo < gcc.trace
128,1,16,write-allocate,write-through,lru,38295,17988,42777483,./csim 128 1 16 write-allocate write-through lru < gcc.trace
8,2,4,no-write-allocate,write-through,lru,227554,132595,42887088,./csim 8 2 4 no-write-allocate write-through lru < gcc.trace
16,1,4,no-write-allocate,write-through,fifo,231175,132687,43249096,./csim 16 1 4 no-write-allocate write-through fifo < gcc.trace
16,1,4,no-write-allocate,write-through,lru,231175,132687,43249096,./csim 16 1 4 no-write-allocate write-through lru < gcc.trace
8,2,4,no-write-allocate,write-through,fifo,231302,133279,43261204,./csim 8 2 4 no-write-allocate write-through fifo < gcc.trace
64,1,16,no-write-allocate,write-through,fifo,58438,55989,43583494,./csim 64 1 16 no-write-allocate write-through fifo < gcc.trace
64,1,16,no-write-allocate,write-through,lru,58438,55989,43583494,./csim 64 1 16 no-write-allocate write-through lru < gcc.trace
16,2,4,write-allocate,write-through,lru,147996,94869,44550783,./csim 16 2 4 write-allocate write-through lru < gcc.trace
16,2,8,write-allocate,write-back,fifo,93827,52100,44671883,./csim 16 2 8 write-allocate write-back fifo < gcc.trace
32,1,8,write-allocate,write-back,fifo,103094,48786,45165683,./csim 32 1 8 write-allocate write-back fifo < gcc.trace
32,1,8,write-allocate,write-back,lru,103094,48786,45165683,./csim 32 1 8 write-allocate write-back lru < gcc.trace
16,2,4,write-allocate,write-through,fifo,152236,97260,45213883,./csim 16 2 4 write-allocate write-through fifo < gcc.trace
32,1,4,write-allocate,write-through,fifo,153440,96800,45288283,./csim 32 1 4 write-allocate write-through fifo < gcc.trace
32,1,4,write-allocate,write-through,lru,153440,96800,45288283,./csim 32 1 4 write-allocate write-through lru < gcc.trace
8,1,4,no-write-allocate,write-through,fifo,263078,156856,46415227,./csim 8 1 4 no-write-allocate write-through fifo < gcc.trace
8,1,4,no-write-allocate,write-through,lru,263078,156856,46415227,./csim 8 1 4 no-write-allocate write-through lru < gcc.trace
16,2,8,write-allocate,write-through,lru,89340,46675,47467283,./csim 16 2 8 write-allocate write-through lru < gcc.trace
64,1,16,write-allocate,write-back,fifo,58113,23609,48165683,./csim 64 1 16 write-allocate write-back fifo < gcc.trace
64,1,16,write-allocate,write-back,lru,58113,23609,48165683,./csim 64 1 16 write-allocate write-back lru < gcc.trace
4,1,4,no-write-allocate,write-through,fifo,283582,173156,48449327,./csim 4 1 4 no-write-allocate write-through fifo < gcc.trace
4,1,4,no-write-allocate,write-through,lru,283582,173156,48449327,./csim 4 1 4 no-write-allocate write-through lru < gcc.trace
16,2,8,write-allocate,write-through,fifo,93827,52100,49449683,./csim 16 2 8 write-allocate write-through fifo < gcc.trace
32,1,16,no-write-allocate,write-through,fifo,74763,60561,50108922,./csim 32 1 16 no-write-allocate write-through fifo < gcc.trace
32,1,16,no-write-allocate,write-through,lru,74763,60561,50108922,./csim 32 1 16 no-write-allocate write-through lru < gcc.trace
32,1,8,write-allocate,write-through,fifo,103094,48786,50640283,./csim 32 1 8 write-allocate write-through fifo < gcc.trace
32,1,8,write-allocate,write-through,lru,103094,48786,50640283,./csim 32 1 8 write-allocate write-through lru < gcc.trace
64,1,32,no-write-allocate,write-through,fifo,38920,53529,51346754,./csim 64 1 32 no-write-allocate write-through fifo < gcc.trace
64,1,32,no-write-allocate,write-through,lru,38920,53529,51346754,./csim 64 1 32 no-write-allocate write-through lru < gcc.trace
64,1,16,write-allocate,write-through,fifo,58113,23609,52953083,./csim 64 1 16 write-allocate write-through fifo < gcc.trace
64,1,16,write-allocate,write-through,lru,58113,23609,52953083,./csim 64 1 16 write-allocate write-through lru < gcc.trace
8,2,4,write-allocate,write-back,lru,219643,140482,53693083,./csim 8 2 4 write-allocate write-back lru < gcc.trace
16,1,4,write-allocate,write-back,fifo,218781,140484,53698983,./csim 16 1 4 write-allocate write-back fifo < gcc.trace
16,1,4,write-allocate,write-back,lru,218781,140484,53698983,./csim 16 1 4 write-allocate write-back lru < gcc.trace
8,2,4,write-allocate,write-back,fifo,221600,141041,54108783,./csim 8 2 4 write-allocate write-back fifo < gcc.trace
16,1,8,no-write-allocate,write-through,fifo,178470,97805,55860478,./csim 16 1 8 no-write-allocate write-through fifo < gcc.trace
16,1,8,no-write-allocate,write-through,lru,178470,97805,55860478,./csim 16 1 8 no-write-allocate write-through lru < gcc.trace
16,1,4,write-allocate,write-through,fifo,218781,140484,56190783,./csim 16 1 4 write-allocate write-through fifo < gcc.trace
16,1,4,write-allocate,write-through,lru,218781,140484,56190783,./csim 16 1 4 write-allocate write-through lru < gcc.trace
8,2,4,write-allocate,write-through,lru,219643,140482,56276783,./csim 8 2 4 write-allocate write-through lru < gcc.trace
8,2,4,write-allocate,write-through,fifo,221600,141041,56528383,./csim 8 2 4 write-allocate write-through fifo < gcc.trace
64,1,32,write-allocate,write-back,fifo,38857,13540,58834883,./csim 64 1 32 write-allocate write-back fifo < gcc.trace
64,1,32,write-allocate,write-back,lru,38857,13540,58834883,./csim 64 1 32 write-allocate write-back lru < gcc.trace
32,1,16,write-allocate,write-back,fifo,74451,27692,59260483,./csim 32 1 16 write-allocate write-back fifo < gcc.trace
32,1,16,write-allocate,write-back,lru,74451,27692,59260483,./csim 32 1 16 write-allocate write-back lru < gcc.trace
32,1,16,write-allocate,write-through,fifo,74451,27692,61121483,./csim 32 1 16 write-allocate write-through fifo < gcc.trace
32,1,16,write-allocate,write-through,lru,74451,27692,61121483,./csim 32 1 16 write-allocate write-through lru < gcc.trace
8,1,4,write-allocate,write-back,fifo,257185,165047,61189983,./csim 8 1 4 write-allocate write-back fifo < gcc.trace
8,1,4,write-allocate,write-back,lru,257185,165047,61189983,./csim 8 1 4 write-allocate write-back lru < gcc.trace
64,1,32,write-allocate,write-through,fifo,38857,13540,62181883,./csim 64 1 32 write-allocate write-through fifo < gcc.trace
64,1,32,write-allocate,write-through,lru,38857,13540,62181883,./csim 64 1 32 write-allocate write-through lru < gcc.trace
8,1,4,write-allocate,write-through,fifo,257185,165047,62487483,./csim 8 1 4 write-allocate write-through fifo < gcc.trace
8,1,4,write-allocate,write-through,lru,257185,165047,62487483,./csim 8 1 4 write-allocate write-through lru < gcc.trace
16,1,16,no-write-allocate,write-through,fifo,107192,74564,63066519,./csim 16 1 16 no-write-allocate write-through fifo < gcc.trace
16,1,16,no-write-allocate,write-through,lru,107192,74564,63066519,./csim 16 1 16 no-write-allocate write-through lru < gcc.trace
4,1,4,write-allocate,write-back,fifo,278308,175623,64989483,./csim 4 1 4 write-allocate write-back fifo < gcc.trace
4,1,4,write-allocate,write-back,lru,278308,175623,64989483,./csim 4 1 4 write-allocate write-back lru < gcc.trace
4,1,4,write-allocate,write-through,fifo,278308,175623,65657383,./csim 4 1 4 write-allocate write-through fifo < gcc.trace
4,1,4,write-allocate,write-through,lru,278308,175623,65657383,./csim 4 1 4 write-allocate write-through lru < gcc.trace
32,1,32,no-write-allocate,write-through,fifo,59493,61241,67797442,./csim 32 1 32 no-write-allocate write-through fifo < gcc.trace
32,1,32,no-write-allocate,write-through,lru,59493,61241,67797442,./csim 32 1 32 no-write-allocate write-through lru < gcc.trace
8,1,8,no-write-allocate,write-through,fifo,240883,133478,68307405,./csim 8 1 8 no-write-allocate write-through fifo < gcc.trace
8,1,8,no-write-allocate,write-through,lru,240883,133478,68307405,./csim 8 1 8 no-write-allocate write-through lru < gcc.trace
16,1,8,write-allocate,write-through,fifo,164714,87443,70695683,./csim 16 1 8 write-allocate write-through fifo < gcc.trace
16,1,8,write-allocate,write-through,lru,164714,87443,70695683,./csim 16 1 8 write-allocate write-through lru < gcc.trace
16,1,8,write-allocate,write-back,fifo,164714,87443,75533683,./csim 16 1 8 write-allocate write-back fifo < gcc.trace
16,1,8,write-allocate,write-back,lru,164714,87443,75533683,./csim 16 1 8 write-allocate write-back lru < gcc.trace
16,1,16,write-allocate,write-through,fifo,103937,38238,77134283,./csim 16 1 16 write-allocate write-through fifo < gcc.trace
16,1,16,write-allocate,write-through,lru,103937,38238,77134283,./csim 16 1 16 write-allocate write-through lru < gcc.trace
16,1,16,write-allocate,write-back,fifo,103937,38238,81552083,./csim 16 1 16 write-allocate write-back fifo < gcc.trace
16,1,16,write-allocate,write-back,lru,103937,38238,81552083,./csim 16 1 16 write-allocate write-back lru < gcc.trace
32,1,32,write-allocate,write-through,fifo,59115,19148,82874683,./csim 32 1 32 write-allocate write-through fifo < gcc.trace
32,1,32,write-allocate,write-through,lru,59115,19148,82874683,./csim 32 1 32 write-allocate write-through lru < gcc.trace
32,1,32,write-allocate,write-back,fifo,59115,19148,87542083,./csim 32 1 32 write-allocate write-back fifo < gcc.trace
32,1,32,write-allocate,write-back,lru,59115,19148,87542083,./csim 32 1 32 write-allocate write-back lru < gcc.trace
8,1,8,write-allocate,write-through,fifo,228242,130457,92004083,./csim 8 1 8 write-allocate write-through fifo < gcc.trace
8,1,8,write-allocate,write-through,lru,228242,130457,92004083,./csim 8 1 8 write-allocate write-through lru < gcc.trace
8,1,8,write-allocate,write-back,fifo,228242,130457,104816283,./csim 8 1 8 write-allocate write-back fifo < gcc.trace
8,1,8,write-allocate,write-back,lru,228242,130457,104816283,./csim 8 1 8 write-allocate write-back lru < gcc.trace
